Generation number,Best fitness,Best genome,Worst fitness,Worst genome,Mean,Average,Standard deviation
0,99.10015106201172,"Genome{fitness:99.10015106201172,genes:[IntegerGene{label:hidden_1_units,min:10,max:250,val:181},FloatGene{label:hidden_1_dropout_rate,min:0.05,max:0.5,val:0.06905358480978467},IntegerGene{label:hidden_2_units,min:10,max:250,val:122},FloatGene{label:hidden_2_dropout_rate,min:0.05,max:0.5,val:0.18198950441653655},IntegerGene{label:batch_size,min:100,max:400,val:211},]}",106.31477355957031,"Genome{fitness:106.31477355957031,genes:[IntegerGene{label:hidden_1_units,min:10,max:250,val:133},FloatGene{label:hidden_1_dropout_rate,min:0.05,max:0.5,val:0.2969204222077354},IntegerGene{label:hidden_2_units,min:10,max:250,val:11},FloatGene{label:hidden_2_dropout_rate,min:0.05,max:0.5,val:0.3794110952655404},IntegerGene{label:batch_size,min:100,max:400,val:398},]}",101.56228523254394,101.56228523254394,1.800602507170199
1,99.10015106201172,"Genome{fitness:99.10015106201172,genes:[IntegerGene{label:hidden_1_units,min:10,max:250,val:181},FloatGene{label:hidden_1_dropout_rate,min:0.05,max:0.5,val:0.06905358480978467},IntegerGene{label:hidden_2_units,min:10,max:250,val:122},FloatGene{label:hidden_2_dropout_rate,min:0.05,max:0.5,val:0.18198950441653655},IntegerGene{label:batch_size,min:100,max:400,val:211},]}",103.6512222290039,"Genome{fitness:103.6512222290039,genes:[IntegerGene{label:hidden_1_units,min:10,max:250,val:10},FloatGene{label:hidden_1_dropout_rate,min:0.05,max:0.5,val:0.05509289930054127},IntegerGene{label:hidden_2_units,min:10,max:250,val:209},FloatGene{label:hidden_2_dropout_rate,min:0.05,max:0.5,val:0.17163124863312146},IntegerGene{label:batch_size,min:100,max:400,val:374},]}",100.70773811340332,100.70773811340332,0.9405503570961935
2,99.10015106201172,"Genome{fitness:99.10015106201172,genes:[IntegerGene{label:hidden_1_units,min:10,max:250,val:181},FloatGene{label:hidden_1_dropout_rate,min:0.05,max:0.5,val:0.06905358480978467},IntegerGene{label:hidden_2_units,min:10,max:250,val:122},FloatGene{label:hidden_2_dropout_rate,min:0.05,max:0.5,val:0.18198950441653655},IntegerGene{label:batch_size,min:100,max:400,val:211},]}",108.55085754394531,"Genome{fitness:108.55085754394531,genes:[IntegerGene{label:hidden_1_units,min:10,max:250,val:10},FloatGene{label:hidden_1_dropout_rate,min:0.05,max:0.5,val:0.1304970084322969},IntegerGene{label:hidden_2_units,min:10,max:250,val:129},FloatGene{label:hidden_2_dropout_rate,min:0.05,max:0.5,val:0.36386683262188624},IntegerGene{label:batch_size,min:100,max:400,val:210},]}",100.79239349365234,100.79239349365234,1.8825124527480694
3,99.10015106201172,"Genome{fitness:99.10015106201172,genes:[IntegerGene{label:hidden_1_units,min:10,max:250,val:181},FloatGene{label:hidden_1_dropout_rate,min:0.05,max:0.5,val:0.06905358480978467},IntegerGene{label:hidden_2_units,min:10,max:250,val:122},FloatGene{label:hidden_2_dropout_rate,min:0.05,max:0.5,val:0.18198950441653655},IntegerGene{label:batch_size,min:100,max:400,val:211},]}",102.62137603759766,"Genome{fitness:102.62137603759766,genes:[IntegerGene{label:hidden_1_units,min:10,max:250,val:30},FloatGene{label:hidden_1_dropout_rate,min:0.05,max:0.5,val:0.13117227455131558},IntegerGene{label:hidden_2_units,min:10,max:250,val:129},FloatGene{label:hidden_2_dropout_rate,min:0.05,max:0.5,val:0.31384741535462},IntegerGene{label:batch_size,min:100,max:400,val:210},]}",100.42449607849122,100.42449607849122,0.8188147723130972
4,99.10015106201172,"Genome{fitness:99.10015106201172,genes:[IntegerGene{label:hidden_1_units,min:10,max:250,val:181},FloatGene{label:hidden_1_dropout_rate,min:0.05,max:0.5,val:0.06905358480978467},IntegerGene{label:hidden_2_units,min:10,max:250,val:122},FloatGene{label:hidden_2_dropout_rate,min:0.05,max:0.5,val:0.18198950441653655},IntegerGene{label:batch_size,min:100,max:400,val:211},]}",101.91578674316406,"Genome{fitness:101.91578674316406,genes:[IntegerGene{label:hidden_1_units,min:10,max:250,val:182},FloatGene{label:hidden_1_dropout_rate,min:0.05,max:0.5,val:0.07872752107537495},IntegerGene{label:hidden_2_units,min:10,max:250,val:103},FloatGene{label:hidden_2_dropout_rate,min:0.05,max:0.5,val:0.13728819405151815},IntegerGene{label:batch_size,min:100,max:400,val:254},]}",100.19196815490723,100.19196815490723,0.5365279063644479
5,99.10015106201172,"Genome{fitness:99.10015106201172,genes:[IntegerGene{label:hidden_1_units,min:10,max:250,val:181},FloatGene{label:hidden_1_dropout_rate,min:0.05,max:0.5,val:0.06905358480978467},IntegerGene{label:hidden_2_units,min:10,max:250,val:122},FloatGene{label:hidden_2_dropout_rate,min:0.05,max:0.5,val:0.18198950441653655},IntegerGene{label:batch_size,min:100,max:400,val:211},]}",100.5238037109375,"Genome{fitness:100.5238037109375,genes:[IntegerGene{label:hidden_1_units,min:10,max:250,val:118},FloatGene{label:hidden_1_dropout_rate,min:0.05,max:0.5,val:0.11301298103049291},IntegerGene{label:hidden_2_units,min:10,max:250,val:212},FloatGene{label:hidden_2_dropout_rate,min:0.05,max:0.5,val:0.3877883349563294},IntegerGene{label:batch_size,min:100,max:400,val:225},]}",99.95253524780273,99.95253524780273,0.3213406507809784
6,98.81925964355469,"Genome{fitness:98.81925964355469,genes:[IntegerGene{label:hidden_1_units,min:10,max:250,val:182},FloatGene{label:hidden_1_dropout_rate,min:0.05,max:0.5,val:0.11301298103049291},IntegerGene{label:hidden_2_units,min:10,max:250,val:167},FloatGene{label:hidden_2_dropout_rate,min:0.05,max:0.5,val:0.1416791704894483},IntegerGene{label:batch_size,min:100,max:400,val:170},]}",100.74161529541016,"Genome{fitness:100.74161529541016,genes:[IntegerGene{label:hidden_1_units,min:10,max:250,val:163},FloatGene{label:hidden_1_dropout_rate,min:0.05,max:0.5,val:0.13117227455131558},IntegerGene{label:hidden_2_units,min:10,max:250,val:219},FloatGene{label:hidden_2_dropout_rate,min:0.05,max:0.5,val:0.37659984414036013},IntegerGene{label:batch_size,min:100,max:400,val:225},]}",99.8034881591797,99.8034881591797,0.4289517800221151
7,98.81925964355469,"Genome{fitness:98.81925964355469,genes:[IntegerGene{label:hidden_1_units,min:10,max:250,val:182},FloatGene{label:hidden_1_dropout_rate,min:0.05,max:0.5,val:0.11301298103049291},IntegerGene{label:hidden_2_units,min:10,max:250,val:167},FloatGene{label:hidden_2_dropout_rate,min:0.05,max:0.5,val:0.1416791704894483},IntegerGene{label:batch_size,min:100,max:400,val:170},]}",100.31494903564453,"Genome{fitness:100.31494903564453,genes:[IntegerGene{label:hidden_1_units,min:10,max:250,val:177},FloatGene{label:hidden_1_dropout_rate,min:0.05,max:0.5,val:0.13117227455131558},IntegerGene{label:hidden_2_units,min:10,max:250,val:250},FloatGene{label:hidden_2_dropout_rate,min:0.05,max:0.5,val:0.37659984414036013},IntegerGene{label:batch_size,min:100,max:400,val:225},]}",99.71067543029785,99.71067543029785,0.4087894194219901
8,98.81925964355469,"Genome{fitness:98.81925964355469,genes:[IntegerGene{label:hidden_1_units,min:10,max:250,val:182},FloatGene{label:hidden_1_dropout_rate,min:0.05,max:0.5,val:0.11301298103049291},IntegerGene{label:hidden_2_units,min:10,max:250,val:167},FloatGene{label:hidden_2_dropout_rate,min:0.05,max:0.5,val:0.1416791704894483},IntegerGene{label:batch_size,min:100,max:400,val:170},]}",101.46183013916016,"Genome{fitness:101.46183013916016,genes:[IntegerGene{label:hidden_1_units,min:10,max:250,val:182},FloatGene{label:hidden_1_dropout_rate,min:0.05,max:0.5,val:0.15744507946282704},IntegerGene{label:hidden_2_units,min:10,max:250,val:129},FloatGene{label:hidden_2_dropout_rate,min:0.05,max:0.5,val:0.356892765742533},IntegerGene{label:batch_size,min:100,max:400,val:210},]}",99.74041900634765,99.74041900634765,0.5549056302875541
9,98.81925964355469,"Genome{fitness:98.81925964355469,genes:[IntegerGene{label:hidden_1_units,min:10,max:250,val:182},FloatGene{label:hidden_1_dropout_rate,min:0.05,max:0.5,val:0.11301298103049291},IntegerGene{label:hidden_2_units,min:10,max:250,val:167},FloatGene{label:hidden_2_dropout_rate,min:0.05,max:0.5,val:0.1416791704894483},IntegerGene{label:batch_size,min:100,max:400,val:170},]}",100.66522216796875,"Genome{fitness:100.66522216796875,genes:[IntegerGene{label:hidden_1_units,min:10,max:250,val:182},FloatGene{label:hidden_1_dropout_rate,min:0.05,max:0.5,val:0.06905358480978467},IntegerGene{label:hidden_2_units,min:10,max:250,val:153},FloatGene{label:hidden_2_dropout_rate,min:0.05,max:0.5,val:0.18198950441653655},IntegerGene{label:batch_size,min:100,max:400,val:211},]}",99.702437210083,99.702437210083,0.46682784192936516
10,98.81925964355469,"Genome{fitness:98.81925964355469,genes:[IntegerGene{label:hidden_1_units,min:10,max:250,val:182},FloatGene{label:hidden_1_dropout_rate,min:0.05,max:0.5,val:0.11301298103049291},IntegerGene{label:hidden_2_units,min:10,max:250,val:167},FloatGene{label:hidden_2_dropout_rate,min:0.05,max:0.5,val:0.1416791704894483},IntegerGene{label:batch_size,min:100,max:400,val:170},]}",101.05686950683594,"Genome{fitness:101.05686950683594,genes:[IntegerGene{label:hidden_1_units,min:10,max:250,val:176},FloatGene{label:hidden_1_dropout_rate,min:0.05,max:0.5,val:0.19269723773176484},IntegerGene{label:hidden_2_units,min:10,max:250,val:132},FloatGene{label:hidden_2_dropout_rate,min:0.05,max:0.5,val:0.356892765742533},IntegerGene{label:batch_size,min:100,max:400,val:210},]}",99.71087799072265,99.71087799072265,0.48806102531284223
11,98.50685119628906,"Genome{fitness:98.50685119628906,genes:[IntegerGene{label:hidden_1_units,min:10,max:250,val:182},FloatGene{label:hidden_1_dropout_rate,min:0.05,max:0.5,val:0.13117227455131558},IntegerGene{label:hidden_2_units,min:10,max:250,val:212},FloatGene{label:hidden_2_dropout_rate,min:0.05,max:0.5,val:0.05},IntegerGene{label:batch_size,min:100,max:400,val:170},]}",100.16302490234375,"Genome{fitness:100.16302490234375,genes:[IntegerGene{label:hidden_1_units,min:10,max:250,val:170},FloatGene{label:hidden_1_dropout_rate,min:0.05,max:0.5,val:0.11301298103049291},IntegerGene{label:hidden_2_units,min:10,max:250,val:167},FloatGene{label:hidden_2_dropout_rate,min:0.05,max:0.5,val:0.37659984414036013},IntegerGene{label:batch_size,min:100,max:400,val:225},]}",99.4701488494873,99.4701488494873,0.39908671667010365
12,98.50685119628906,"Genome{fitness:98.50685119628906,genes:[IntegerGene{label:hidden_1_units,min:10,max:250,val:182},FloatGene{label:hidden_1_dropout_rate,min:0.05,max:0.5,val:0.13117227455131558},IntegerGene{label:hidden_2_units,min:10,max:250,val:212},FloatGene{label:hidden_2_dropout_rate,min:0.05,max:0.5,val:0.05},IntegerGene{label:batch_size,min:100,max:400,val:170},]}",100.40697479248047,"Genome{fitness:100.40697479248047,genes:[IntegerGene{label:hidden_1_units,min:10,max:250,val:181},FloatGene{label:hidden_1_dropout_rate,min:0.05,max:0.5,val:0.06905358480978467},IntegerGene{label:hidden_2_units,min:10,max:250,val:156},FloatGene{label:hidden_2_dropout_rate,min:0.05,max:0.5,val:0.37659984414036013},IntegerGene{label:batch_size,min:100,max:400,val:173},]}",99.40959854125977,99.40959854125977,0.3907794458113493
13,98.50685119628906,"Genome{fitness:98.50685119628906,genes:[IntegerGene{label:hidden_1_units,min:10,max:250,val:182},FloatGene{label:hidden_1_dropout_rate,min:0.05,max:0.5,val:0.13117227455131558},IntegerGene{label:hidden_2_units,min:10,max:250,val:212},FloatGene{label:hidden_2_dropout_rate,min:0.05,max:0.5,val:0.05},IntegerGene{label:batch_size,min:100,max:400,val:170},]}",100.67707061767578,"Genome{fitness:100.67707061767578,genes:[IntegerGene{label:hidden_1_units,min:10,max:250,val:181},FloatGene{label:hidden_1_dropout_rate,min:0.05,max:0.5,val:0.13117227455131558},IntegerGene{label:hidden_2_units,min:10,max:250,val:75},FloatGene{label:hidden_2_dropout_rate,min:0.05,max:0.5,val:0.12022723534757115},IntegerGene{label:batch_size,min:100,max:400,val:170},]}",99.47749557495118,99.47749557495118,0.5426388674907012
14,98.50685119628906,"Genome{fitness:98.50685119628906,genes:[IntegerGene{label:hidden_1_units,min:10,max:250,val:182},FloatGene{label:hidden_1_dropout_rate,min:0.05,max:0.5,val:0.13117227455131558},IntegerGene{label:hidden_2_units,min:10,max:250,val:212},FloatGene{label:hidden_2_dropout_rate,min:0.05,max:0.5,val:0.05},IntegerGene{label:batch_size,min:100,max:400,val:170},]}",100.79959869384766,"Genome{fitness:100.79959869384766,genes:[IntegerGene{label:hidden_1_units,min:10,max:250,val:238},FloatGene{label:hidden_1_dropout_rate,min:0.05,max:0.5,val:0.19269723773176484},IntegerGene{label:hidden_2_units,min:10,max:250,val:75},FloatGene{label:hidden_2_dropout_rate,min:0.05,max:0.5,val:0.1198221933431722},IntegerGene{label:batch_size,min:100,max:400,val:211},]}",99.33403625488282,99.33403625488282,0.4391845638593338
15,98.50265502929688,"Genome{fitness:98.50265502929688,genes:[IntegerGene{label:hidden_1_units,min:10,max:250,val:238},FloatGene{label:hidden_1_dropout_rate,min:0.05,max:0.5,val:0.20246184597468875},IntegerGene{label:hidden_2_units,min:10,max:250,val:135},FloatGene{label:hidden_2_dropout_rate,min:0.05,max:0.5,val:0.05},IntegerGene{label:batch_size,min:100,max:400,val:211},]}",100.00537109375,"Genome{fitness:100.00537109375,genes:[IntegerGene{label:hidden_1_units,min:10,max:250,val:235},FloatGene{label:hidden_1_dropout_rate,min:0.05,max:0.5,val:0.13117227455131558},IntegerGene{label:hidden_2_units,min:10,max:250,val:75},FloatGene{label:hidden_2_dropout_rate,min:0.05,max:0.5,val:0.1416791704894483},IntegerGene{label:batch_size,min:100,max:400,val:239},]}",99.22436981201172,99.22436981201172,0.3432538833324179
16,98.50265502929688,"Genome{fitness:98.50265502929688,genes:[IntegerGene{label:hidden_1_units,min:10,max:250,val:238},FloatGene{label:hidden_1_dropout_rate,min:0.05,max:0.5,val:0.20246184597468875},IntegerGene{label:hidden_2_units,min:10,max:250,val:135},FloatGene{label:hidden_2_dropout_rate,min:0.05,max:0.5,val:0.05},IntegerGene{label:batch_size,min:100,max:400,val:211},]}",99.4798583984375,"Genome{fitness:99.4798583984375,genes:[IntegerGene{label:hidden_1_units,min:10,max:250,val:182},FloatGene{label:hidden_1_dropout_rate,min:0.05,max:0.5,val:0.11301298103049291},IntegerGene{label:hidden_2_units,min:10,max:250,val:103},FloatGene{label:hidden_2_dropout_rate,min:0.05,max:0.5,val:0.1416791704894483},IntegerGene{label:batch_size,min:100,max:400,val:225},]}",99.13529319763184,99.13529319763184,0.27279642765566975
17,98.50265502929688,"Genome{fitness:98.50265502929688,genes:[IntegerGene{label:hidden_1_units,min:10,max:250,val:238},FloatGene{label:hidden_1_dropout_rate,min:0.05,max:0.5,val:0.20246184597468875},IntegerGene{label:hidden_2_units,min:10,max:250,val:135},FloatGene{label:hidden_2_dropout_rate,min:0.05,max:0.5,val:0.05},IntegerGene{label:batch_size,min:100,max:400,val:211},]}",100.51637268066406,"Genome{fitness:100.51637268066406,genes:[IntegerGene{label:hidden_1_units,min:10,max:250,val:238},FloatGene{label:hidden_1_dropout_rate,min:0.05,max:0.5,val:0.13117227455131558},IntegerGene{label:hidden_2_units,min:10,max:250,val:103},FloatGene{label:hidden_2_dropout_rate,min:0.05,max:0.5,val:0.194853752698963},IntegerGene{label:batch_size,min:100,max:400,val:225},]}",99.08609390258789,99.08609390258789,0.4212959558098895
18,98.50265502929688,"Genome{fitness:98.50265502929688,genes:[IntegerGene{label:hidden_1_units,min:10,max:250,val:238},FloatGene{label:hidden_1_dropout_rate,min:0.05,max:0.5,val:0.20246184597468875},IntegerGene{label:hidden_2_units,min:10,max:250,val:135},FloatGene{label:hidden_2_dropout_rate,min:0.05,max:0.5,val:0.05},IntegerGene{label:batch_size,min:100,max:400,val:211},]}",100.56730651855469,"Genome{fitness:100.56730651855469,genes:[IntegerGene{label:hidden_1_units,min:10,max:250,val:238},FloatGene{label:hidden_1_dropout_rate,min:0.05,max:0.5,val:0.20246184597468875},IntegerGene{label:hidden_2_units,min:10,max:250,val:135},FloatGene{label:hidden_2_dropout_rate,min:0.05,max:0.5,val:0.33790714599635313},IntegerGene{label:batch_size,min:100,max:400,val:225},]}",99.07904281616212,99.07904281616212,0.455869441290413
19,98.50265502929688,"Genome{fitness:98.50265502929688,genes:[IntegerGene{label:hidden_1_units,min:10,max:250,val:238},FloatGene{label:hidden_1_dropout_rate,min:0.05,max:0.5,val:0.20246184597468875},IntegerGene{label:hidden_2_units,min:10,max:250,val:135},FloatGene{label:hidden_2_dropout_rate,min:0.05,max:0.5,val:0.05},IntegerGene{label:batch_size,min:100,max:400,val:211},]}",100.43756103515625,"Genome{fitness:100.43756103515625,genes:[IntegerGene{label:hidden_1_units,min:10,max:250,val:182},FloatGene{label:hidden_1_dropout_rate,min:0.05,max:0.5,val:0.05},IntegerGene{label:hidden_2_units,min:10,max:250,val:122},FloatGene{label:hidden_2_dropout_rate,min:0.05,max:0.5,val:0.18198950441653655},IntegerGene{label:batch_size,min:100,max:400,val:211},]}",99.0576000213623,99.0576000213623,0.4319146990233046
20,98.50265502929688,"Genome{fitness:98.50265502929688,genes:[IntegerGene{label:hidden_1_units,min:10,max:250,val:238},FloatGene{label:hidden_1_dropout_rate,min:0.05,max:0.5,val:0.20246184597468875},IntegerGene{label:hidden_2_units,min:10,max:250,val:135},FloatGene{label:hidden_2_dropout_rate,min:0.05,max:0.5,val:0.05},IntegerGene{label:batch_size,min:100,max:400,val:211},]}",99.84063720703125,"Genome{fitness:99.84063720703125,genes:[IntegerGene{label:hidden_1_units,min:10,max:250,val:182},FloatGene{label:hidden_1_dropout_rate,min:0.05,max:0.5,val:0.13117227455131558},IntegerGene{label:hidden_2_units,min:10,max:250,val:104},FloatGene{label:hidden_2_dropout_rate,min:0.05,max:0.5,val:0.05},IntegerGene{label:batch_size,min:100,max:400,val:211},]}",99.04080772399902,99.04080772399902,0.38510010377643406
21,98.50265502929688,"Genome{fitness:98.50265502929688,genes:[IntegerGene{label:hidden_1_units,min:10,max:250,val:238},FloatGene{label:hidden_1_dropout_rate,min:0.05,max:0.5,val:0.20246184597468875},IntegerGene{label:hidden_2_units,min:10,max:250,val:135},FloatGene{label:hidden_2_dropout_rate,min:0.05,max:0.5,val:0.05},IntegerGene{label:batch_size,min:100,max:400,val:211},]}",100.79005432128906,"Genome{fitness:100.79005432128906,genes:[IntegerGene{label:hidden_1_units,min:10,max:250,val:201},FloatGene{label:hidden_1_dropout_rate,min:0.05,max:0.5,val:0.17355752929701437},IntegerGene{label:hidden_2_units,min:10,max:250,val:122},FloatGene{label:hidden_2_dropout_rate,min:0.05,max:0.5,val:0.05},IntegerGene{label:batch_size,min:100,max:400,val:211},]}",99.14982948303222,99.14982948303222,0.5875489725723784
22,98.50265502929688,"Genome{fitness:98.50265502929688,genes:[IntegerGene{label:hidden_1_units,min:10,max:250,val:238},FloatGene{label:hidden_1_dropout_rate,min:0.05,max:0.5,val:0.20246184597468875},IntegerGene{label:hidden_2_units,min:10,max:250,val:135},FloatGene{label:hidden_2_dropout_rate,min:0.05,max:0.5,val:0.05},IntegerGene{label:batch_size,min:100,max:400,val:211},]}",100.32577514648438,"Genome{fitness:100.32577514648438,genes:[IntegerGene{label:hidden_1_units,min:10,max:250,val:238},FloatGene{label:hidden_1_dropout_rate,min:0.05,max:0.5,val:0.20246184597468875},IntegerGene{label:hidden_2_units,min:10,max:250,val:33},FloatGene{label:hidden_2_dropout_rate,min:0.05,max:0.5,val:0.05},IntegerGene{label:batch_size,min:100,max:400,val:211},]}",98.91968078613282,98.91968078613282,0.3741065555819401
23,98.50265502929688,"Genome{fitness:98.50265502929688,genes:[IntegerGene{label:hidden_1_units,min:10,max:250,val:238},FloatGene{label:hidden_1_dropout_rate,min:0.05,max:0.5,val:0.20246184597468875},IntegerGene{label:hidden_2_units,min:10,max:250,val:135},FloatGene{label:hidden_2_dropout_rate,min:0.05,max:0.5,val:0.05},IntegerGene{label:batch_size,min:100,max:400,val:211},]}",100.76103210449219,"Genome{fitness:100.76103210449219,genes:[IntegerGene{label:hidden_1_units,min:10,max:250,val:238},FloatGene{label:hidden_1_dropout_rate,min:0.05,max:0.5,val:0.13117227455131558},IntegerGene{label:hidden_2_units,min:10,max:250,val:166},FloatGene{label:hidden_2_dropout_rate,min:0.05,max:0.5,val:0.05},IntegerGene{label:batch_size,min:100,max:400,val:221},]}",98.93719596862793,98.93719596862793,0.48773013035873863
24,98.50265502929688,"Genome{fitness:98.50265502929688,genes:[IntegerGene{label:hidden_1_units,min:10,max:250,val:238},FloatGene{label:hidden_1_dropout_rate,min:0.05,max:0.5,val:0.20246184597468875},IntegerGene{label:hidden_2_units,min:10,max:250,val:135},FloatGene{label:hidden_2_dropout_rate,min:0.05,max:0.5,val:0.05},IntegerGene{label:batch_size,min:100,max:400,val:211},]}",101.01687622070312,"Genome{fitness:101.01687622070312,genes:[IntegerGene{label:hidden_1_units,min:10,max:250,val:238},FloatGene{label:hidden_1_dropout_rate,min:0.05,max:0.5,val:0.13117227455131558},IntegerGene{label:hidden_2_units,min:10,max:250,val:200},FloatGene{label:hidden_2_dropout_rate,min:0.05,max:0.5,val:0.05},IntegerGene{label:batch_size,min:100,max:400,val:211},]}",98.95998992919922,98.95998992919922,0.5507344183706796
25,98.50265502929688,"Genome{fitness:98.50265502929688,genes:[IntegerGene{label:hidden_1_units,min:10,max:250,val:238},FloatGene{label:hidden_1_dropout_rate,min:0.05,max:0.5,val:0.20246184597468875},IntegerGene{label:hidden_2_units,min:10,max:250,val:135},FloatGene{label:hidden_2_dropout_rate,min:0.05,max:0.5,val:0.05},IntegerGene{label:batch_size,min:100,max:400,val:211},]}",99.9800033569336,"Genome{fitness:99.9800033569336,genes:[IntegerGene{label:hidden_1_units,min:10,max:250,val:250},FloatGene{label:hidden_1_dropout_rate,min:0.05,max:0.5,val:0.1554956259888138},IntegerGene{label:hidden_2_units,min:10,max:250,val:75},FloatGene{label:hidden_2_dropout_rate,min:0.05,max:0.5,val:0.05},IntegerGene{label:batch_size,min:100,max:400,val:219},]}",98.89325904846191,98.89325904846191,0.35312052823437984
26,98.50265502929688,"Genome{fitness:98.50265502929688,genes:[IntegerGene{label:hidden_1_units,min:10,max:250,val:238},FloatGene{label:hidden_1_dropout_rate,min:0.05,max:0.5,val:0.20246184597468875},IntegerGene{label:hidden_2_units,min:10,max:250,val:135},FloatGene{label:hidden_2_dropout_rate,min:0.05,max:0.5,val:0.05},IntegerGene{label:batch_size,min:100,max:400,val:211},]}",99.59635162353516,"Genome{fitness:99.59635162353516,genes:[IntegerGene{label:hidden_1_units,min:10,max:250,val:182},FloatGene{label:hidden_1_dropout_rate,min:0.05,max:0.5,val:0.13117227455131558},IntegerGene{label:hidden_2_units,min:10,max:250,val:206},FloatGene{label:hidden_2_dropout_rate,min:0.05,max:0.5,val:0.05},IntegerGene{label:batch_size,min:100,max:400,val:211},]}",98.85357131958008,98.85357131958008,0.3027634922578118
27,98.50265502929688,"Genome{fitness:98.50265502929688,genes:[IntegerGene{label:hidden_1_units,min:10,max:250,val:238},FloatGene{label:hidden_1_dropout_rate,min:0.05,max:0.5,val:0.20246184597468875},IntegerGene{label:hidden_2_units,min:10,max:250,val:135},FloatGene{label:hidden_2_dropout_rate,min:0.05,max:0.5,val:0.05},IntegerGene{label:batch_size,min:100,max:400,val:211},]}",103.2833251953125,"Genome{fitness:103.2833251953125,genes:[IntegerGene{label:hidden_1_units,min:10,max:250,val:238},FloatGene{label:hidden_1_dropout_rate,min:0.05,max:0.5,val:0.11301298103049291},IntegerGene{label:hidden_2_units,min:10,max:250,val:167},FloatGene{label:hidden_2_dropout_rate,min:0.05,max:0.5,val:0.1416791704894483},IntegerGene{label:batch_size,min:100,max:400,val:238},]}",99.09546699523926,99.09546699523926,1.0396459683499535
28,98.50265502929688,"Genome{fitness:98.50265502929688,genes:[IntegerGene{label:hidden_1_units,min:10,max:250,val:238},FloatGene{label:hidden_1_dropout_rate,min:0.05,max:0.5,val:0.20246184597468875},IntegerGene{label:hidden_2_units,min:10,max:250,val:135},FloatGene{label:hidden_2_dropout_rate,min:0.05,max:0.5,val:0.05},IntegerGene{label:batch_size,min:100,max:400,val:211},]}",99.67976379394531,"Genome{fitness:99.67976379394531,genes:[IntegerGene{label:hidden_1_units,min:10,max:250,val:182},FloatGene{label:hidden_1_dropout_rate,min:0.05,max:0.5,val:0.20246184597468875},IntegerGene{label:hidden_2_units,min:10,max:250,val:135},FloatGene{label:hidden_2_dropout_rate,min:0.05,max:0.5,val:0.05},IntegerGene{label:batch_size,min:100,max:400,val:170},]}",98.90971527099609,98.90971527099609,0.3646747067518509
29,98.50265502929688,"Genome{fitness:98.50265502929688,genes:[IntegerGene{label:hidden_1_units,min:10,max:250,val:238},FloatGene{label:hidden_1_dropout_rate,min:0.05,max:0.5,val:0.20246184597468875},IntegerGene{label:hidden_2_units,min:10,max:250,val:135},FloatGene{label:hidden_2_dropout_rate,min:0.05,max:0.5,val:0.05},IntegerGene{label:batch_size,min:100,max:400,val:211},]}",101.15776062011719,"Genome{fitness:101.15776062011719,genes:[IntegerGene{label:hidden_1_units,min:10,max:250,val:238},FloatGene{label:hidden_1_dropout_rate,min:0.05,max:0.5,val:0.13117227455131558},IntegerGene{label:hidden_2_units,min:10,max:250,val:75},FloatGene{label:hidden_2_dropout_rate,min:0.05,max:0.5,val:0.05},IntegerGene{label:batch_size,min:100,max:400,val:221},]}",98.97926445007325,98.97926445007325,0.5966819503420274
30,98.4499282836914,"Genome{fitness:98.4499282836914,genes:[IntegerGene{label:hidden_1_units,min:10,max:250,val:238},FloatGene{label:hidden_1_dropout_rate,min:0.05,max:0.5,val:0.11301298103049291},IntegerGene{label:hidden_2_units,min:10,max:250,val:166},FloatGene{label:hidden_2_dropout_rate,min:0.05,max:0.5,val:0.05},IntegerGene{label:batch_size,min:100,max:400,val:173},]}",99.41980743408203,"Genome{fitness:99.41980743408203,genes:[IntegerGene{label:hidden_1_units,min:10,max:250,val:238},FloatGene{label:hidden_1_dropout_rate,min:0.05,max:0.5,val:0.11301298103049291},IntegerGene{label:hidden_2_units,min:10,max:250,val:167},FloatGene{label:hidden_2_dropout_rate,min:0.05,max:0.5,val:0.18048868600354778},IntegerGene{label:batch_size,min:100,max:400,val:170},]}",98.77268295288086,98.77268295288086,0.2319670991776672
31,98.4499282836914,"Genome{fitness:98.4499282836914,genes:[IntegerGene{label:hidden_1_units,min:10,max:250,val:238},FloatGene{label:hidden_1_dropout_rate,min:0.05,max:0.5,val:0.11301298103049291},IntegerGene{label:hidden_2_units,min:10,max:250,val:166},FloatGene{label:hidden_2_dropout_rate,min:0.05,max:0.5,val:0.05},IntegerGene{label:batch_size,min:100,max:400,val:173},]}",99.57249450683594,"Genome{fitness:99.57249450683594,genes:[IntegerGene{label:hidden_1_units,min:10,max:250,val:182},FloatGene{label:hidden_1_dropout_rate,min:0.05,max:0.5,val:0.13117227455131558},IntegerGene{label:hidden_2_units,min:10,max:250,val:38},FloatGene{label:hidden_2_dropout_rate,min:0.05,max:0.5,val:0.05},IntegerGene{label:batch_size,min:100,max:400,val:211},]}",98.80840835571288,98.80840835571288,0.29323877102161533
32,98.4499282836914,"Genome{fitness:98.4499282836914,genes:[IntegerGene{label:hidden_1_units,min:10,max:250,val:238},FloatGene{label:hidden_1_dropout_rate,min:0.05,max:0.5,val:0.11301298103049291},IntegerGene{label:hidden_2_units,min:10,max:250,val:166},FloatGene{label:hidden_2_dropout_rate,min:0.05,max:0.5,val:0.05},IntegerGene{label:batch_size,min:100,max:400,val:173},]}",99.32101440429688,"Genome{fitness:99.32101440429688,genes:[IntegerGene{label:hidden_1_units,min:10,max:250,val:182},FloatGene{label:hidden_1_dropout_rate,min:0.05,max:0.5,val:0.13117227455131558},IntegerGene{label:hidden_2_units,min:10,max:250,val:101},FloatGene{label:hidden_2_dropout_rate,min:0.05,max:0.5,val:0.1231122989859123},IntegerGene{label:batch_size,min:100,max:400,val:170},]}",98.78119430541992,98.78119430541992,0.2377268999898799
33,98.4499282836914,"Genome{fitness:98.4499282836914,genes:[IntegerGene{label:hidden_1_units,min:10,max:250,val:238},FloatGene{label:hidden_1_dropout_rate,min:0.05,max:0.5,val:0.11301298103049291},IntegerGene{label:hidden_2_units,min:10,max:250,val:166},FloatGene{label:hidden_2_dropout_rate,min:0.05,max:0.5,val:0.05},IntegerGene{label:batch_size,min:100,max:400,val:173},]}",99.72748565673828,"Genome{fitness:99.72748565673828,genes:[IntegerGene{label:hidden_1_units,min:10,max:250,val:238},FloatGene{label:hidden_1_dropout_rate,min:0.05,max:0.5,val:0.0553020491230401},IntegerGene{label:hidden_2_units,min:10,max:250,val:207},FloatGene{label:hidden_2_dropout_rate,min:0.05,max:0.5,val:0.05},IntegerGene{label:batch_size,min:100,max:400,val:170},]}",98.82745590209962,98.82745590209962,0.3281566133758447
34,98.4499282836914,"Genome{fitness:98.4499282836914,genes:[IntegerGene{label:hidden_1_units,min:10,max:250,val:238},FloatGene{label:hidden_1_dropout_rate,min:0.05,max:0.5,val:0.11301298103049291},IntegerGene{label:hidden_2_units,min:10,max:250,val:166},FloatGene{label:hidden_2_dropout_rate,min:0.05,max:0.5,val:0.05},IntegerGene{label:batch_size,min:100,max:400,val:173},]}",100.5770263671875,"Genome{fitness:100.5770263671875,genes:[IntegerGene{label:hidden_1_units,min:10,max:250,val:238},FloatGene{label:hidden_1_dropout_rate,min:0.05,max:0.5,val:0.20246184597468875},IntegerGene{label:hidden_2_units,min:10,max:250,val:44},FloatGene{label:hidden_2_dropout_rate,min:0.05,max:0.5,val:0.05},IntegerGene{label:batch_size,min:100,max:400,val:166},]}",98.98024101257325,98.98024101257325,0.5927759310176326
35,98.4499282836914,"Genome{fitness:98.4499282836914,genes:[IntegerGene{label:hidden_1_units,min:10,max:250,val:238},FloatGene{label:hidden_1_dropout_rate,min:0.05,max:0.5,val:0.11301298103049291},IntegerGene{label:hidden_2_units,min:10,max:250,val:166},FloatGene{label:hidden_2_dropout_rate,min:0.05,max:0.5,val:0.05},IntegerGene{label:batch_size,min:100,max:400,val:173},]}",99.27227020263672,"Genome{fitness:99.27227020263672,genes:[IntegerGene{label:hidden_1_units,min:10,max:250,val:238},FloatGene{label:hidden_1_dropout_rate,min:0.05,max:0.5,val:0.13117227455131558},IntegerGene{label:hidden_2_units,min:10,max:250,val:169},FloatGene{label:hidden_2_dropout_rate,min:0.05,max:0.5,val:0.05},IntegerGene{label:batch_size,min:100,max:400,val:211},]}",98.72123222351074,98.72123222351074,0.18398410236351792
36,98.4499282836914,"Genome{fitness:98.4499282836914,genes:[IntegerGene{label:hidden_1_units,min:10,max:250,val:238},FloatGene{label:hidden_1_dropout_rate,min:0.05,max:0.5,val:0.11301298103049291},IntegerGene{label:hidden_2_units,min:10,max:250,val:166},FloatGene{label:hidden_2_dropout_rate,min:0.05,max:0.5,val:0.05},IntegerGene{label:batch_size,min:100,max:400,val:173},]}",99.60401916503906,"Genome{fitness:99.60401916503906,genes:[IntegerGene{label:hidden_1_units,min:10,max:250,val:238},FloatGene{label:hidden_1_dropout_rate,min:0.05,max:0.5,val:0.13117227455131558},IntegerGene{label:hidden_2_units,min:10,max:250,val:169},FloatGene{label:hidden_2_dropout_rate,min:0.05,max:0.5,val:0.05},IntegerGene{label:batch_size,min:100,max:400,val:269},]}",98.78847274780273,98.78847274780273,0.29065681466822724
37,98.4499282836914,"Genome{fitness:98.4499282836914,genes:[IntegerGene{label:hidden_1_units,min:10,max:250,val:238},FloatGene{label:hidden_1_dropout_rate,min:0.05,max:0.5,val:0.11301298103049291},IntegerGene{label:hidden_2_units,min:10,max:250,val:166},FloatGene{label:hidden_2_dropout_rate,min:0.05,max:0.5,val:0.05},IntegerGene{label:batch_size,min:100,max:400,val:173},]}",99.42204284667969,"Genome{fitness:99.42204284667969,genes:[IntegerGene{label:hidden_1_units,min:10,max:250,val:201},FloatGene{label:hidden_1_dropout_rate,min:0.05,max:0.5,val:0.11301298103049291},IntegerGene{label:hidden_2_units,min:10,max:250,val:75},FloatGene{label:hidden_2_dropout_rate,min:0.05,max:0.5,val:0.05},IntegerGene{label:batch_size,min:100,max:400,val:237},]}",98.80574340820313,98.80574340820313,0.3094141268161215
38,98.4499282836914,"Genome{fitness:98.4499282836914,genes:[IntegerGene{label:hidden_1_units,min:10,max:250,val:238},FloatGene{label:hidden_1_dropout_rate,min:0.05,max:0.5,val:0.11301298103049291},IntegerGene{label:hidden_2_units,min:10,max:250,val:166},FloatGene{label:hidden_2_dropout_rate,min:0.05,max:0.5,val:0.05},IntegerGene{label:batch_size,min:100,max:400,val:173},]}",99.58513641357422,"Genome{fitness:99.58513641357422,genes:[IntegerGene{label:hidden_1_units,min:10,max:250,val:182},FloatGene{label:hidden_1_dropout_rate,min:0.05,max:0.5,val:0.11301298103049291},IntegerGene{label:hidden_2_units,min:10,max:250,val:75},FloatGene{label:hidden_2_dropout_rate,min:0.05,max:0.5,val:0.05},IntegerGene{label:batch_size,min:100,max:400,val:168},]}",98.79830589294434,98.79830589294434,0.3189826890476841
39,98.4499282836914,"Genome{fitness:98.4499282836914,genes:[IntegerGene{label:hidden_1_units,min:10,max:250,val:238},FloatGene{label:hidden_1_dropout_rate,min:0.05,max:0.5,val:0.11301298103049291},IntegerGene{label:hidden_2_units,min:10,max:250,val:166},FloatGene{label:hidden_2_dropout_rate,min:0.05,max:0.5,val:0.05},IntegerGene{label:batch_size,min:100,max:400,val:173},]}",100.01118469238281,"Genome{fitness:100.01118469238281,genes:[IntegerGene{label:hidden_1_units,min:10,max:250,val:224},FloatGene{label:hidden_1_dropout_rate,min:0.05,max:0.5,val:0.11301298103049291},IntegerGene{label:hidden_2_units,min:10,max:250,val:75},FloatGene{label:hidden_2_dropout_rate,min:0.05,max:0.5,val:0.05},IntegerGene{label:batch_size,min:100,max:400,val:173},]}",98.84860076904297,98.84860076904297,0.4205693980413702
40,98.4499282836914,"Genome{fitness:98.4499282836914,genes:[IntegerGene{label:hidden_1_units,min:10,max:250,val:238},FloatGene{label:hidden_1_dropout_rate,min:0.05,max:0.5,val:0.11301298103049291},IntegerGene{label:hidden_2_units,min:10,max:250,val:166},FloatGene{label:hidden_2_dropout_rate,min:0.05,max:0.5,val:0.05},IntegerGene{label:batch_size,min:100,max:400,val:173},]}",101.3929443359375,"Genome{fitness:101.3929443359375,genes:[IntegerGene{label:hidden_1_units,min:10,max:250,val:201},FloatGene{label:hidden_1_dropout_rate,min:0.05,max:0.5,val:0.20246184597468875},IntegerGene{label:hidden_2_units,min:10,max:250,val:61},FloatGene{label:hidden_2_dropout_rate,min:0.05,max:0.5,val:0.05},IntegerGene{label:batch_size,min:100,max:400,val:211},]}",98.92437744140625,98.92437744140625,0.7090009497947716
41,98.43383026123047,"Genome{fitness:98.43383026123047,genes:[IntegerGene{label:hidden_1_units,min:10,max:250,val:238},FloatGene{label:hidden_1_dropout_rate,min:0.05,max:0.5,val:0.11301298103049291},IntegerGene{label:hidden_2_units,min:10,max:250,val:147},FloatGene{label:hidden_2_dropout_rate,min:0.05,max:0.5,val:0.05},IntegerGene{label:batch_size,min:100,max:400,val:211},]}",100.18193054199219,"Genome{fitness:100.18193054199219,genes:[IntegerGene{label:hidden_1_units,min:10,max:250,val:238},FloatGene{label:hidden_1_dropout_rate,min:0.05,max:0.5,val:0.11301298103049291},IntegerGene{label:hidden_2_units,min:10,max:250,val:138},FloatGene{label:hidden_2_dropout_rate,min:0.05,max:0.5,val:0.05},IntegerGene{label:batch_size,min:100,max:400,val:149},]}",98.82051086425781,98.82051086425781,0.4873905639313124
42,98.43383026123047,"Genome{fitness:98.43383026123047,genes:[IntegerGene{label:hidden_1_units,min:10,max:250,val:238},FloatGene{label:hidden_1_dropout_rate,min:0.05,max:0.5,val:0.11301298103049291},IntegerGene{label:hidden_2_units,min:10,max:250,val:147},FloatGene{label:hidden_2_dropout_rate,min:0.05,max:0.5,val:0.05},IntegerGene{label:batch_size,min:100,max:400,val:211},]}",99.43505859375,"Genome{fitness:99.43505859375,genes:[IntegerGene{label:hidden_1_units,min:10,max:250,val:238},FloatGene{label:hidden_1_dropout_rate,min:0.05,max:0.5,val:0.1495828554413252},IntegerGene{label:hidden_2_units,min:10,max:250,val:166},FloatGene{label:hidden_2_dropout_rate,min:0.05,max:0.5,val:0.05},IntegerGene{label:batch_size,min:100,max:400,val:211},]}",98.73016662597657,98.73016662597657,0.2625074622912382
43,98.43383026123047,"Genome{fitness:98.43383026123047,genes:[IntegerGene{label:hidden_1_units,min:10,max:250,val:238},FloatGene{label:hidden_1_dropout_rate,min:0.05,max:0.5,val:0.11301298103049291},IntegerGene{label:hidden_2_units,min:10,max:250,val:147},FloatGene{label:hidden_2_dropout_rate,min:0.05,max:0.5,val:0.05},IntegerGene{label:batch_size,min:100,max:400,val:211},]}",99.76335144042969,"Genome{fitness:99.76335144042969,genes:[IntegerGene{label:hidden_1_units,min:10,max:250,val:238},FloatGene{label:hidden_1_dropout_rate,min:0.05,max:0.5,val:0.22615538997071735},IntegerGene{label:hidden_2_units,min:10,max:250,val:75},FloatGene{label:hidden_2_dropout_rate,min:0.05,max:0.5,val:0.05},IntegerGene{label:batch_size,min:100,max:400,val:171},]}",98.80299797058106,98.80299797058106,0.38235757389240416
44,98.3823013305664,"Genome{fitness:98.3823013305664,genes:[IntegerGene{label:hidden_1_units,min:10,max:250,val:182},FloatGene{label:hidden_1_dropout_rate,min:0.05,max:0.5,val:0.05},IntegerGene{label:hidden_2_units,min:10,max:250,val:166},FloatGene{label:hidden_2_dropout_rate,min:0.05,max:0.5,val:0.05},IntegerGene{label:batch_size,min:100,max:400,val:170},]}",100.44503021240234,"Genome{fitness:100.44503021240234,genes:[IntegerGene{label:hidden_1_units,min:10,max:250,val:238},FloatGene{label:hidden_1_dropout_rate,min:0.05,max:0.5,val:0.06960108280836773},IntegerGene{label:hidden_2_units,min:10,max:250,val:212},FloatGene{label:hidden_2_dropout_rate,min:0.05,max:0.5,val:0.05},IntegerGene{label:batch_size,min:100,max:400,val:173},]}",98.68831748962403,98.68831748962403,0.4351692887746585
45,98.3823013305664,"Genome{fitness:98.3823013305664,genes:[IntegerGene{label:hidden_1_units,min:10,max:250,val:182},FloatGene{label:hidden_1_dropout_rate,min:0.05,max:0.5,val:0.05},IntegerGene{label:hidden_2_units,min:10,max:250,val:166},FloatGene{label:hidden_2_dropout_rate,min:0.05,max:0.5,val:0.05},IntegerGene{label:batch_size,min:100,max:400,val:170},]}",100.34357452392578,"Genome{fitness:100.34357452392578,genes:[IntegerGene{label:hidden_1_units,min:10,max:250,val:206},FloatGene{label:hidden_1_dropout_rate,min:0.05,max:0.5,val:0.20246184597468875},IntegerGene{label:hidden_2_units,min:10,max:250,val:166},FloatGene{label:hidden_2_dropout_rate,min:0.05,max:0.5,val:0.05},IntegerGene{label:batch_size,min:100,max:400,val:211},]}",98.82626457214356,98.82626457214356,0.5386833541632136
46,98.3823013305664,"Genome{fitness:98.3823013305664,genes:[IntegerGene{label:hidden_1_units,min:10,max:250,val:182},FloatGene{label:hidden_1_dropout_rate,min:0.05,max:0.5,val:0.05},IntegerGene{label:hidden_2_units,min:10,max:250,val:166},FloatGene{label:hidden_2_dropout_rate,min:0.05,max:0.5,val:0.05},IntegerGene{label:batch_size,min:100,max:400,val:170},]}",102.13899230957031,"Genome{fitness:102.13899230957031,genes:[IntegerGene{label:hidden_1_units,min:10,max:250,val:238},FloatGene{label:hidden_1_dropout_rate,min:0.05,max:0.5,val:0.11301298103049291},IntegerGene{label:hidden_2_units,min:10,max:250,val:75},FloatGene{label:hidden_2_dropout_rate,min:0.05,max:0.5,val:0.05},IntegerGene{label:batch_size,min:100,max:400,val:198},]}",98.87245826721191,98.87245826721191,0.8428030839499533
47,98.3823013305664,"Genome{fitness:98.3823013305664,genes:[IntegerGene{label:hidden_1_units,min:10,max:250,val:182},FloatGene{label:hidden_1_dropout_rate,min:0.05,max:0.5,val:0.05},IntegerGene{label:hidden_2_units,min:10,max:250,val:166},FloatGene{label:hidden_2_dropout_rate,min:0.05,max:0.5,val:0.05},IntegerGene{label:batch_size,min:100,max:400,val:170},]}",99.30644226074219,"Genome{fitness:99.30644226074219,genes:[IntegerGene{label:hidden_1_units,min:10,max:250,val:238},FloatGene{label:hidden_1_dropout_rate,min:0.05,max:0.5,val:0.19977406836132527},IntegerGene{label:hidden_2_units,min:10,max:250,val:138},FloatGene{label:hidden_2_dropout_rate,min:0.05,max:0.5,val:0.05},IntegerGene{label:batch_size,min:100,max:400,val:332},]}",98.66072120666504,98.66072120666504,0.26420092924102323
48,98.3823013305664,"Genome{fitness:98.3823013305664,genes:[IntegerGene{label:hidden_1_units,min:10,max:250,val:182},FloatGene{label:hidden_1_dropout_rate,min:0.05,max:0.5,val:0.05},IntegerGene{label:hidden_2_units,min:10,max:250,val:166},FloatGene{label:hidden_2_dropout_rate,min:0.05,max:0.5,val:0.05},IntegerGene{label:batch_size,min:100,max:400,val:170},]}",100.72270965576172,"Genome{fitness:100.72270965576172,genes:[IntegerGene{label:hidden_1_units,min:10,max:250,val:238},FloatGene{label:hidden_1_dropout_rate,min:0.05,max:0.5,val:0.20656438645423741},IntegerGene{label:hidden_2_units,min:10,max:250,val:182},FloatGene{label:hidden_2_dropout_rate,min:0.05,max:0.5,val:0.05},IntegerGene{label:batch_size,min:100,max:400,val:211},]}",98.82042694091797,98.82042694091797,0.5823593612268875
49,98.3823013305664,"Genome{fitness:98.3823013305664,genes:[IntegerGene{label:hidden_1_units,min:10,max:250,val:182},FloatGene{label:hidden_1_dropout_rate,min:0.05,max:0.5,val:0.05},IntegerGene{label:hidden_2_units,min:10,max:250,val:166},FloatGene{label:hidden_2_dropout_rate,min:0.05,max:0.5,val:0.05},IntegerGene{label:batch_size,min:100,max:400,val:170},]}",99.66057586669922,"Genome{fitness:99.66057586669922,genes:[IntegerGene{label:hidden_1_units,min:10,max:250,val:182},FloatGene{label:hidden_1_dropout_rate,min:0.05,max:0.5,val:0.05},IntegerGene{label:hidden_2_units,min:10,max:250,val:212},FloatGene{label:hidden_2_dropout_rate,min:0.05,max:0.5,val:0.05},IntegerGene{label:batch_size,min:100,max:400,val:190},]}",98.61106719970704,98.61106719970704,0.26542816904649785
50,98.3823013305664,"Genome{fitness:98.3823013305664,genes:[IntegerGene{label:hidden_1_units,min:10,max:250,val:182},FloatGene{label:hidden_1_dropout_rate,min:0.05,max:0.5,val:0.05},IntegerGene{label:hidden_2_units,min:10,max:250,val:166},FloatGene{label:hidden_2_dropout_rate,min:0.05,max:0.5,val:0.05},IntegerGene{label:batch_size,min:100,max:400,val:170},]}",101.6088638305664,"Genome{fitness:101.6088638305664,genes:[IntegerGene{label:hidden_1_units,min:10,max:250,val:182},FloatGene{label:hidden_1_dropout_rate,min:0.05,max:0.5,val:0.05},IntegerGene{label:hidden_2_units,min:10,max:250,val:212},FloatGene{label:hidden_2_dropout_rate,min:0.05,max:0.5,val:0.06182750526735306},IntegerGene{label:batch_size,min:100,max:400,val:170},]}",98.93678245544433,98.93678245544433,0.9308309449726823
51,98.3823013305664,"Genome{fitness:98.3823013305664,genes:[IntegerGene{label:hidden_1_units,min:10,max:250,val:182},FloatGene{label:hidden_1_dropout_rate,min:0.05,max:0.5,val:0.05},IntegerGene{label:hidden_2_units,min:10,max:250,val:166},FloatGene{label:hidden_2_dropout_rate,min:0.05,max:0.5,val:0.05},IntegerGene{label:batch_size,min:100,max:400,val:170},]}",99.67744445800781,"Genome{fitness:99.67744445800781,genes:[IntegerGene{label:hidden_1_units,min:10,max:250,val:182},FloatGene{label:hidden_1_dropout_rate,min:0.05,max:0.5,val:0.05},IntegerGene{label:hidden_2_units,min:10,max:250,val:218},FloatGene{label:hidden_2_dropout_rate,min:0.05,max:0.5,val:0.05},IntegerGene{label:batch_size,min:100,max:400,val:211},]}",98.77566413879394,98.77566413879394,0.43569212516950456
52,98.3823013305664,"Genome{fitness:98.3823013305664,genes:[IntegerGene{label:hidden_1_units,min:10,max:250,val:182},FloatGene{label:hidden_1_dropout_rate,min:0.05,max:0.5,val:0.05},IntegerGene{label:hidden_2_units,min:10,max:250,val:166},FloatGene{label:hidden_2_dropout_rate,min:0.05,max:0.5,val:0.05},IntegerGene{label:batch_size,min:100,max:400,val:170},]}",99.84034729003906,"Genome{fitness:99.84034729003906,genes:[IntegerGene{label:hidden_1_units,min:10,max:250,val:182},FloatGene{label:hidden_1_dropout_rate,min:0.05,max:0.5,val:0.2197656969893424},IntegerGene{label:hidden_2_units,min:10,max:250,val:138},FloatGene{label:hidden_2_dropout_rate,min:0.05,max:0.5,val:0.05},IntegerGene{label:batch_size,min:100,max:400,val:314},]}",98.79571228027343,98.79571228027343,0.5130688096481387
53,98.3823013305664,"Genome{fitness:98.3823013305664,genes:[IntegerGene{label:hidden_1_units,min:10,max:250,val:182},FloatGene{label:hidden_1_dropout_rate,min:0.05,max:0.5,val:0.05},IntegerGene{label:hidden_2_units,min:10,max:250,val:166},FloatGene{label:hidden_2_dropout_rate,min:0.05,max:0.5,val:0.05},IntegerGene{label:batch_size,min:100,max:400,val:170},]}",100.08354187011719,"Genome{fitness:100.08354187011719,genes:[IntegerGene{label:hidden_1_units,min:10,max:250,val:182},FloatGene{label:hidden_1_dropout_rate,min:0.05,max:0.5,val:0.13117227455131558},IntegerGene{label:hidden_2_units,min:10,max:250,val:166},FloatGene{label:hidden_2_dropout_rate,min:0.05,max:0.5,val:0.05},IntegerGene{label:batch_size,min:100,max:400,val:178},]}",98.70237503051757,98.70237503051757,0.4460983662468997
54,98.3823013305664,"Genome{fitness:98.3823013305664,genes:[IntegerGene{label:hidden_1_units,min:10,max:250,val:182},FloatGene{label:hidden_1_dropout_rate,min:0.05,max:0.5,val:0.05},IntegerGene{label:hidden_2_units,min:10,max:250,val:166},FloatGene{label:hidden_2_dropout_rate,min:0.05,max:0.5,val:0.05},IntegerGene{label:batch_size,min:100,max:400,val:170},]}",101.05036163330078,"Genome{fitness:101.05036163330078,genes:[IntegerGene{label:hidden_1_units,min:10,max:250,val:238},FloatGene{label:hidden_1_dropout_rate,min:0.05,max:0.5,val:0.13117227455131558},IntegerGene{label:hidden_2_units,min:10,max:250,val:117},FloatGene{label:hidden_2_dropout_rate,min:0.05,max:0.5,val:0.05},IntegerGene{label:batch_size,min:100,max:400,val:211},]}",98.78456916809083,98.78456916809083,0.6436229475486546
55,98.3823013305664,"Genome{fitness:98.3823013305664,genes:[IntegerGene{label:hidden_1_units,min:10,max:250,val:182},FloatGene{label:hidden_1_dropout_rate,min:0.05,max:0.5,val:0.05},IntegerGene{label:hidden_2_units,min:10,max:250,val:166},FloatGene{label:hidden_2_dropout_rate,min:0.05,max:0.5,val:0.05},IntegerGene{label:batch_size,min:100,max:400,val:170},]}",99.2774887084961,"Genome{fitness:99.2774887084961,genes:[IntegerGene{label:hidden_1_units,min:10,max:250,val:214},FloatGene{label:hidden_1_dropout_rate,min:0.05,max:0.5,val:0.11301298103049291},IntegerGene{label:hidden_2_units,min:10,max:250,val:166},FloatGene{label:hidden_2_dropout_rate,min:0.05,max:0.5,val:0.05},IntegerGene{label:batch_size,min:100,max:400,val:211},]}",98.63582458496094,98.63582458496094,0.2607337809955036
56,98.3823013305664,"Genome{fitness:98.3823013305664,genes:[IntegerGene{label:hidden_1_units,min:10,max:250,val:182},FloatGene{label:hidden_1_dropout_rate,min:0.05,max:0.5,val:0.05},IntegerGene{label:hidden_2_units,min:10,max:250,val:166},FloatGene{label:hidden_2_dropout_rate,min:0.05,max:0.5,val:0.05},IntegerGene{label:batch_size,min:100,max:400,val:170},]}",100.36600494384766,"Genome{fitness:100.36600494384766,genes:[IntegerGene{label:hidden_1_units,min:10,max:250,val:238},FloatGene{label:hidden_1_dropout_rate,min:0.05,max:0.5,val:0.16809805682556567},IntegerGene{label:hidden_2_units,min:10,max:250,val:182},FloatGene{label:hidden_2_dropout_rate,min:0.05,max:0.5,val:0.05},IntegerGene{label:batch_size,min:100,max:400,val:219},]}",98.74372177124023,98.74372177124023,0.5657601053213255
57,98.36264038085938,"Genome{fitness:98.36264038085938,genes:[IntegerGene{label:hidden_1_units,min:10,max:250,val:250},FloatGene{label:hidden_1_dropout_rate,min:0.05,max:0.5,val:0.13117227455131558},IntegerGene{label:hidden_2_units,min:10,max:250,val:212},FloatGene{label:hidden_2_dropout_rate,min:0.05,max:0.5,val:0.05},IntegerGene{label:batch_size,min:100,max:400,val:136},]}",99.57943725585938,"Genome{fitness:99.57943725585938,genes:[IntegerGene{label:hidden_1_units,min:10,max:250,val:182},FloatGene{label:hidden_1_dropout_rate,min:0.05,max:0.5,val:0.13117227455131558},IntegerGene{label:hidden_2_units,min:10,max:250,val:212},FloatGene{label:hidden_2_dropout_rate,min:0.05,max:0.5,val:0.05},IntegerGene{label:batch_size,min:100,max:400,val:139},]}",98.64531745910645,98.64531745910645,0.35542341135300476
58,98.36264038085938,"Genome{fitness:98.36264038085938,genes:[IntegerGene{label:hidden_1_units,min:10,max:250,val:250},FloatGene{label:hidden_1_dropout_rate,min:0.05,max:0.5,val:0.13117227455131558},IntegerGene{label:hidden_2_units,min:10,max:250,val:212},FloatGene{label:hidden_2_dropout_rate,min:0.05,max:0.5,val:0.05},IntegerGene{label:batch_size,min:100,max:400,val:136},]}",99.39077758789062,"Genome{fitness:99.39077758789062,genes:[IntegerGene{label:hidden_1_units,min:10,max:250,val:182},FloatGene{label:hidden_1_dropout_rate,min:0.05,max:0.5,val:0.2806244552775734},IntegerGene{label:hidden_2_units,min:10,max:250,val:189},FloatGene{label:hidden_2_dropout_rate,min:0.05,max:0.5,val:0.05},IntegerGene{label:batch_size,min:100,max:400,val:170},]}",98.61814498901367,98.61814498901367,0.29606065103835755
59,98.36264038085938,"Genome{fitness:98.36264038085938,genes:[IntegerGene{label:hidden_1_units,min:10,max:250,val:250},FloatGene{label:hidden_1_dropout_rate,min:0.05,max:0.5,val:0.13117227455131558},IntegerGene{label:hidden_2_units,min:10,max:250,val:212},FloatGene{label:hidden_2_dropout_rate,min:0.05,max:0.5,val:0.05},IntegerGene{label:batch_size,min:100,max:400,val:136},]}",100.00818634033203,"Genome{fitness:100.00818634033203,genes:[IntegerGene{label:hidden_1_units,min:10,max:250,val:182},FloatGene{label:hidden_1_dropout_rate,min:0.05,max:0.5,val:0.17110157411689048},IntegerGene{label:hidden_2_units,min:10,max:250,val:135},FloatGene{label:hidden_2_dropout_rate,min:0.05,max:0.5,val:0.05},IntegerGene{label:batch_size,min:100,max:400,val:170},]}",98.67995338439941,98.67995338439941,0.43912897714689003
60,98.36264038085938,"Genome{fitness:98.36264038085938,genes:[IntegerGene{label:hidden_1_units,min:10,max:250,val:250},FloatGene{label:hidden_1_dropout_rate,min:0.05,max:0.5,val:0.13117227455131558},IntegerGene{label:hidden_2_units,min:10,max:250,val:212},FloatGene{label:hidden_2_dropout_rate,min:0.05,max:0.5,val:0.05},IntegerGene{label:batch_size,min:100,max:400,val:136},]}",100.65985107421875,"Genome{fitness:100.65985107421875,genes:[IntegerGene{label:hidden_1_units,min:10,max:250,val:241},FloatGene{label:hidden_1_dropout_rate,min:0.05,max:0.5,val:0.13117227455131558},IntegerGene{label:hidden_2_units,min:10,max:250,val:212},FloatGene{label:hidden_2_dropout_rate,min:0.05,max:0.5,val:0.05},IntegerGene{label:batch_size,min:100,max:400,val:240},]}",98.7118091583252,98.7118091583252,0.5259948303284244
61,98.36264038085938,"Genome{fitness:98.36264038085938,genes:[IntegerGene{label:hidden_1_units,min:10,max:250,val:250},FloatGene{label:hidden_1_dropout_rate,min:0.05,max:0.5,val:0.13117227455131558},IntegerGene{label:hidden_2_units,min:10,max:250,val:212},FloatGene{label:hidden_2_dropout_rate,min:0.05,max:0.5,val:0.05},IntegerGene{label:batch_size,min:100,max:400,val:136},]}",100.49784088134766,"Genome{fitness:100.49784088134766,genes:[IntegerGene{label:hidden_1_units,min:10,max:250,val:238},FloatGene{label:hidden_1_dropout_rate,min:0.05,max:0.5,val:0.23336403477324633},IntegerGene{label:hidden_2_units,min:10,max:250,val:219},FloatGene{label:hidden_2_dropout_rate,min:0.05,max:0.5,val:0.05},IntegerGene{label:batch_size,min:100,max:400,val:219},]}",98.82241821289062,98.82241821289062,0.6378690929578058
62,98.36264038085938,"Genome{fitness:98.36264038085938,genes:[IntegerGene{label:hidden_1_units,min:10,max:250,val:250},FloatGene{label:hidden_1_dropout_rate,min:0.05,max:0.5,val:0.13117227455131558},IntegerGene{label:hidden_2_units,min:10,max:250,val:212},FloatGene{label:hidden_2_dropout_rate,min:0.05,max:0.5,val:0.05},IntegerGene{label:batch_size,min:100,max:400,val:136},]}",99.533935546875,"Genome{fitness:99.533935546875,genes:[IntegerGene{label:hidden_1_units,min:10,max:250,val:238},FloatGene{label:hidden_1_dropout_rate,min:0.05,max:0.5,val:0.20246184597468875},IntegerGene{label:hidden_2_units,min:10,max:250,val:135},FloatGene{label:hidden_2_dropout_rate,min:0.05,max:0.5,val:0.05},IntegerGene{label:batch_size,min:100,max:400,val:191},]}",98.627689743042,98.627689743042,0.3231567413440007
63,98.24726867675781,"Genome{fitness:98.24726867675781,genes:[IntegerGene{label:hidden_1_units,min:10,max:250,val:201},FloatGene{label:hidden_1_dropout_rate,min:0.05,max:0.5,val:0.08330148676326227},IntegerGene{label:hidden_2_units,min:10,max:250,val:142},FloatGene{label:hidden_2_dropout_rate,min:0.05,max:0.5,val:0.05},IntegerGene{label:batch_size,min:100,max:400,val:136},]}",99.791259765625,"Genome{fitness:99.791259765625,genes:[IntegerGene{label:hidden_1_units,min:10,max:250,val:228},FloatGene{label:hidden_1_dropout_rate,min:0.05,max:0.5,val:0.13117227455131558},IntegerGene{label:hidden_2_units,min:10,max:250,val:135},FloatGene{label:hidden_2_dropout_rate,min:0.05,max:0.5,val:0.05},IntegerGene{label:batch_size,min:100,max:400,val:136},]}",98.5705509185791,98.5705509185791,0.37026655178664086
64,98.24726867675781,"Genome{fitness:98.24726867675781,genes:[IntegerGene{label:hidden_1_units,min:10,max:250,val:201},FloatGene{label:hidden_1_dropout_rate,min:0.05,max:0.5,val:0.08330148676326227},IntegerGene{label:hidden_2_units,min:10,max:250,val:142},FloatGene{label:hidden_2_dropout_rate,min:0.05,max:0.5,val:0.05},IntegerGene{label:batch_size,min:100,max:400,val:136},]}",99.38418579101562,"Genome{fitness:99.38418579101562,genes:[IntegerGene{label:hidden_1_units,min:10,max:250,val:213},FloatGene{label:hidden_1_dropout_rate,min:0.05,max:0.5,val:0.08330148676326227},IntegerGene{label:hidden_2_units,min:10,max:250,val:212},FloatGene{label:hidden_2_dropout_rate,min:0.05,max:0.5,val:0.05},IntegerGene{label:batch_size,min:100,max:400,val:136},]}",98.58122444152832,98.58122444152832,0.29184511714478656
65,98.24726867675781,"Genome{fitness:98.24726867675781,genes:[IntegerGene{label:hidden_1_units,min:10,max:250,val:201},FloatGene{label:hidden_1_dropout_rate,min:0.05,max:0.5,val:0.08330148676326227},IntegerGene{label:hidden_2_units,min:10,max:250,val:142},FloatGene{label:hidden_2_dropout_rate,min:0.05,max:0.5,val:0.05},IntegerGene{label:batch_size,min:100,max:400,val:136},]}",100.23958587646484,"Genome{fitness:100.23958587646484,genes:[IntegerGene{label:hidden_1_units,min:10,max:250,val:182},FloatGene{label:hidden_1_dropout_rate,min:0.05,max:0.5,val:0.05},IntegerGene{label:hidden_2_units,min:10,max:250,val:212},FloatGene{label:hidden_2_dropout_rate,min:0.05,max:0.5,val:0.05},IntegerGene{label:batch_size,min:100,max:400,val:136},]}",98.62463493347168,98.62463493347168,0.43552943403287864
66,98.24726867675781,"Genome{fitness:98.24726867675781,genes:[IntegerGene{label:hidden_1_units,min:10,max:250,val:201},FloatGene{label:hidden_1_dropout_rate,min:0.05,max:0.5,val:0.08330148676326227},IntegerGene{label:hidden_2_units,min:10,max:250,val:142},FloatGene{label:hidden_2_dropout_rate,min:0.05,max:0.5,val:0.05},IntegerGene{label:batch_size,min:100,max:400,val:136},]}",99.7322769165039,"Genome{fitness:99.7322769165039,genes:[IntegerGene{label:hidden_1_units,min:10,max:250,val:200},FloatGene{label:hidden_1_dropout_rate,min:0.05,max:0.5,val:0.13117227455131558},IntegerGene{label:hidden_2_units,min:10,max:250,val:212},FloatGene{label:hidden_2_dropout_rate,min:0.05,max:0.5,val:0.05},IntegerGene{label:batch_size,min:100,max:400,val:136},]}",98.62825355529785,98.62825355529785,0.3876927800786077
67,98.24726867675781,"Genome{fitness:98.24726867675781,genes:[IntegerGene{label:hidden_1_units,min:10,max:250,val:201},FloatGene{label:hidden_1_dropout_rate,min:0.05,max:0.5,val:0.08330148676326227},IntegerGene{label:hidden_2_units,min:10,max:250,val:142},FloatGene{label:hidden_2_dropout_rate,min:0.05,max:0.5,val:0.05},IntegerGene{label:batch_size,min:100,max:400,val:136},]}",99.03192138671875,"Genome{fitness:99.03192138671875,genes:[IntegerGene{label:hidden_1_units,min:10,max:250,val:201},FloatGene{label:hidden_1_dropout_rate,min:0.05,max:0.5,val:0.13117227455131558},IntegerGene{label:hidden_2_units,min:10,max:250,val:212},FloatGene{label:hidden_2_dropout_rate,min:0.05,max:0.5,val:0.05},IntegerGene{label:batch_size,min:100,max:400,val:151},]}",98.56123237609863,98.56123237609863,0.23722575723844697
68,98.24726867675781,"Genome{fitness:98.24726867675781,genes:[IntegerGene{label:hidden_1_units,min:10,max:250,val:201},FloatGene{label:hidden_1_dropout_rate,min:0.05,max:0.5,val:0.08330148676326227},IntegerGene{label:hidden_2_units,min:10,max:250,val:142},FloatGene{label:hidden_2_dropout_rate,min:0.05,max:0.5,val:0.05},IntegerGene{label:batch_size,min:100,max:400,val:136},]}",100.35139465332031,"Genome{fitness:100.35139465332031,genes:[IntegerGene{label:hidden_1_units,min:10,max:250,val:223},FloatGene{label:hidden_1_dropout_rate,min:0.05,max:0.5,val:0.13117227455131558},IntegerGene{label:hidden_2_units,min:10,max:250,val:212},FloatGene{label:hidden_2_dropout_rate,min:0.05,max:0.5,val:0.05},IntegerGene{label:batch_size,min:100,max:400,val:170},]}",98.72898597717285,98.72898597717285,0.591899005067034
69,98.24726867675781,"Genome{fitness:98.24726867675781,genes:[IntegerGene{label:hidden_1_units,min:10,max:250,val:201},FloatGene{label:hidden_1_dropout_rate,min:0.05,max:0.5,val:0.08330148676326227},IntegerGene{label:hidden_2_units,min:10,max:250,val:142},FloatGene{label:hidden_2_dropout_rate,min:0.05,max:0.5,val:0.05},IntegerGene{label:batch_size,min:100,max:400,val:136},]}",99.82791137695312,"Genome{fitness:99.82791137695312,genes:[IntegerGene{label:hidden_1_units,min:10,max:250,val:182},FloatGene{label:hidden_1_dropout_rate,min:0.05,max:0.5,val:0.05},IntegerGene{label:hidden_2_units,min:10,max:250,val:212},FloatGene{label:hidden_2_dropout_rate,min:0.05,max:0.5,val:0.05},IntegerGene{label:batch_size,min:100,max:400,val:170},]}",98.62049942016601,98.62049942016601,0.39478462773956924
70,98.24726867675781,"Genome{fitness:98.24726867675781,genes:[IntegerGene{label:hidden_1_units,min:10,max:250,val:201},FloatGene{label:hidden_1_dropout_rate,min:0.05,max:0.5,val:0.08330148676326227},IntegerGene{label:hidden_2_units,min:10,max:250,val:142},FloatGene{label:hidden_2_dropout_rate,min:0.05,max:0.5,val:0.05},IntegerGene{label:batch_size,min:100,max:400,val:136},]}",99.36112213134766,"Genome{fitness:99.36112213134766,genes:[IntegerGene{label:hidden_1_units,min:10,max:250,val:246},FloatGene{label:hidden_1_dropout_rate,min:0.05,max:0.5,val:0.11301298103049291},IntegerGene{label:hidden_2_units,min:10,max:250,val:212},FloatGene{label:hidden_2_dropout_rate,min:0.05,max:0.5,val:0.05},IntegerGene{label:batch_size,min:100,max:400,val:170},]}",98.60846824645996,98.60846824645996,0.336637809218768
71,98.24726867675781,"Genome{fitness:98.24726867675781,genes:[IntegerGene{label:hidden_1_units,min:10,max:250,val:201},FloatGene{label:hidden_1_dropout_rate,min:0.05,max:0.5,val:0.08330148676326227},IntegerGene{label:hidden_2_units,min:10,max:250,val:142},FloatGene{label:hidden_2_dropout_rate,min:0.05,max:0.5,val:0.05},IntegerGene{label:batch_size,min:100,max:400,val:136},]}",99.2645263671875,"Genome{fitness:99.2645263671875,genes:[IntegerGene{label:hidden_1_units,min:10,max:250,val:250},FloatGene{label:hidden_1_dropout_rate,min:0.05,max:0.5,val:0.13117227455131558},IntegerGene{label:hidden_2_units,min:10,max:250,val:166},FloatGene{label:hidden_2_dropout_rate,min:0.05,max:0.5,val:0.12521745498904588},IntegerGene{label:batch_size,min:100,max:400,val:170},]}",98.54812927246094,98.54812927246094,0.24055786211210614
72,98.24726867675781,"Genome{fitness:98.24726867675781,genes:[IntegerGene{label:hidden_1_units,min:10,max:250,val:201},FloatGene{label:hidden_1_dropout_rate,min:0.05,max:0.5,val:0.08330148676326227},IntegerGene{label:hidden_2_units,min:10,max:250,val:142},FloatGene{label:hidden_2_dropout_rate,min:0.05,max:0.5,val:0.05},IntegerGene{label:batch_size,min:100,max:400,val:136},]}",100.09036254882812,"Genome{fitness:100.09036254882812,genes:[IntegerGene{label:hidden_1_units,min:10,max:250,val:182},FloatGene{label:hidden_1_dropout_rate,min:0.05,max:0.5,val:0.05},IntegerGene{label:hidden_2_units,min:10,max:250,val:166},FloatGene{label:hidden_2_dropout_rate,min:0.05,max:0.5,val:0.11753850485849379},IntegerGene{label:batch_size,min:100,max:400,val:211},]}",98.60506172180176,98.60506172180176,0.42590445549690753
73,98.24726867675781,"Genome{fitness:98.24726867675781,genes:[IntegerGene{label:hidden_1_units,min:10,max:250,val:201},FloatGene{label:hidden_1_dropout_rate,min:0.05,max:0.5,val:0.08330148676326227},IntegerGene{label:hidden_2_units,min:10,max:250,val:142},FloatGene{label:hidden_2_dropout_rate,min:0.05,max:0.5,val:0.05},IntegerGene{label:batch_size,min:100,max:400,val:136},]}",101.85672760009766,"Genome{fitness:101.85672760009766,genes:[IntegerGene{label:hidden_1_units,min:10,max:250,val:238},FloatGene{label:hidden_1_dropout_rate,min:0.05,max:0.5,val:0.05},IntegerGene{label:hidden_2_units,min:10,max:250,val:219},FloatGene{label:hidden_2_dropout_rate,min:0.05,max:0.5,val:0.05},IntegerGene{label:batch_size,min:100,max:400,val:177},]}",98.88860054016114,98.88860054016114,0.9729816526265788
74,98.24726867675781,"Genome{fitness:98.24726867675781,genes:[IntegerGene{label:hidden_1_units,min:10,max:250,val:201},FloatGene{label:hidden_1_dropout_rate,min:0.05,max:0.5,val:0.08330148676326227},IntegerGene{label:hidden_2_units,min:10,max:250,val:142},FloatGene{label:hidden_2_dropout_rate,min:0.05,max:0.5,val:0.05},IntegerGene{label:batch_size,min:100,max:400,val:136},]}",100.65635681152344,"Genome{fitness:100.65635681152344,genes:[IntegerGene{label:hidden_1_units,min:10,max:250,val:238},FloatGene{label:hidden_1_dropout_rate,min:0.05,max:0.5,val:0.11301298103049291},IntegerGene{label:hidden_2_units,min:10,max:250,val:152},FloatGene{label:hidden_2_dropout_rate,min:0.05,max:0.5,val:0.05},IntegerGene{label:batch_size,min:100,max:400,val:136},]}",98.62921867370605,98.62921867370605,0.5551308437804371
75,98.24726867675781,"Genome{fitness:98.24726867675781,genes:[IntegerGene{label:hidden_1_units,min:10,max:250,val:201},FloatGene{label:hidden_1_dropout_rate,min:0.05,max:0.5,val:0.08330148676326227},IntegerGene{label:hidden_2_units,min:10,max:250,val:142},FloatGene{label:hidden_2_dropout_rate,min:0.05,max:0.5,val:0.05},IntegerGene{label:batch_size,min:100,max:400,val:136},]}",101.55131530761719,"Genome{fitness:101.55131530761719,genes:[IntegerGene{label:hidden_1_units,min:10,max:250,val:182},FloatGene{label:hidden_1_dropout_rate,min:0.05,max:0.5,val:0.13117227455131558},IntegerGene{label:hidden_2_units,min:10,max:250,val:167},FloatGene{label:hidden_2_dropout_rate,min:0.05,max:0.5,val:0.05},IntegerGene{label:batch_size,min:100,max:400,val:170},]}",98.70901870727539,98.70901870727539,0.7655205362978883
76,98.24726867675781,"Genome{fitness:98.24726867675781,genes:[IntegerGene{label:hidden_1_units,min:10,max:250,val:201},FloatGene{label:hidden_1_dropout_rate,min:0.05,max:0.5,val:0.08330148676326227},IntegerGene{label:hidden_2_units,min:10,max:250,val:142},FloatGene{label:hidden_2_dropout_rate,min:0.05,max:0.5,val:0.05},IntegerGene{label:batch_size,min:100,max:400,val:136},]}",99.97378540039062,"Genome{fitness:99.97378540039062,genes:[IntegerGene{label:hidden_1_units,min:10,max:250,val:238},FloatGene{label:hidden_1_dropout_rate,min:0.05,max:0.5,val:0.11301298103049291},IntegerGene{label:hidden_2_units,min:10,max:250,val:212},FloatGene{label:hidden_2_dropout_rate,min:0.05,max:0.5,val:0.05},IntegerGene{label:batch_size,min:100,max:400,val:100},]}",98.57300567626953,98.57300567626953,0.4003346827070095
77,98.24726867675781,"Genome{fitness:98.24726867675781,genes:[IntegerGene{label:hidden_1_units,min:10,max:250,val:201},FloatGene{label:hidden_1_dropout_rate,min:0.05,max:0.5,val:0.08330148676326227},IntegerGene{label:hidden_2_units,min:10,max:250,val:142},FloatGene{label:hidden_2_dropout_rate,min:0.05,max:0.5,val:0.05},IntegerGene{label:batch_size,min:100,max:400,val:136},]}",99.16431427001953,"Genome{fitness:99.16431427001953,genes:[IntegerGene{label:hidden_1_units,min:10,max:250,val:182},FloatGene{label:hidden_1_dropout_rate,min:0.05,max:0.5,val:0.11301298103049291},IntegerGene{label:hidden_2_units,min:10,max:250,val:212},FloatGene{label:hidden_2_dropout_rate,min:0.05,max:0.5,val:0.05},IntegerGene{label:batch_size,min:100,max:400,val:195},]}",98.48657150268555,98.48657150268555,0.22392190295429173
78,98.24726867675781,"Genome{fitness:98.24726867675781,genes:[IntegerGene{label:hidden_1_units,min:10,max:250,val:201},FloatGene{label:hidden_1_dropout_rate,min:0.05,max:0.5,val:0.08330148676326227},IntegerGene{label:hidden_2_units,min:10,max:250,val:142},FloatGene{label:hidden_2_dropout_rate,min:0.05,max:0.5,val:0.05},IntegerGene{label:batch_size,min:100,max:400,val:136},]}",99.96466064453125,"Genome{fitness:99.96466064453125,genes:[IntegerGene{label:hidden_1_units,min:10,max:250,val:238},FloatGene{label:hidden_1_dropout_rate,min:0.05,max:0.5,val:0.05},IntegerGene{label:hidden_2_units,min:10,max:250,val:166},FloatGene{label:hidden_2_dropout_rate,min:0.05,max:0.5,val:0.05},IntegerGene{label:batch_size,min:100,max:400,val:153},]}",98.53796997070313,98.53796997070313,0.36687268905127846
79,98.24726867675781,"Genome{fitness:98.24726867675781,genes:[IntegerGene{label:hidden_1_units,min:10,max:250,val:201},FloatGene{label:hidden_1_dropout_rate,min:0.05,max:0.5,val:0.08330148676326227},IntegerGene{label:hidden_2_units,min:10,max:250,val:142},FloatGene{label:hidden_2_dropout_rate,min:0.05,max:0.5,val:0.05},IntegerGene{label:batch_size,min:100,max:400,val:136},]}",100.11286926269531,"Genome{fitness:100.11286926269531,genes:[IntegerGene{label:hidden_1_units,min:10,max:250,val:201},FloatGene{label:hidden_1_dropout_rate,min:0.05,max:0.5,val:0.11301298103049291},IntegerGene{label:hidden_2_units,min:10,max:250,val:246},FloatGene{label:hidden_2_dropout_rate,min:0.05,max:0.5,val:0.05},IntegerGene{label:batch_size,min:100,max:400,val:153},]}",98.70610084533692,98.70610084533692,0.5573662325446015
80,98.24726867675781,"Genome{fitness:98.24726867675781,genes:[IntegerGene{label:hidden_1_units,min:10,max:250,val:201},FloatGene{label:hidden_1_dropout_rate,min:0.05,max:0.5,val:0.08330148676326227},IntegerGene{label:hidden_2_units,min:10,max:250,val:142},FloatGene{label:hidden_2_dropout_rate,min:0.05,max:0.5,val:0.05},IntegerGene{label:batch_size,min:100,max:400,val:136},]}",100.24036407470703,"Genome{fitness:100.24036407470703,genes:[IntegerGene{label:hidden_1_units,min:10,max:250,val:182},FloatGene{label:hidden_1_dropout_rate,min:0.05,max:0.5,val:0.13117227455131558},IntegerGene{label:hidden_2_units,min:10,max:250,val:167},FloatGene{label:hidden_2_dropout_rate,min:0.05,max:0.5,val:0.05},IntegerGene{label:batch_size,min:100,max:400,val:170},]}",98.65299415588379,98.65299415588379,0.5092108397964314
81,98.18939208984375,"Genome{fitness:98.18939208984375,genes:[IntegerGene{label:hidden_1_units,min:10,max:250,val:238},FloatGene{label:hidden_1_dropout_rate,min:0.05,max:0.5,val:0.11301298103049291},IntegerGene{label:hidden_2_units,min:10,max:250,val:205},FloatGene{label:hidden_2_dropout_rate,min:0.05,max:0.5,val:0.05},IntegerGene{label:batch_size,min:100,max:400,val:100},]}",102.54850769042969,"Genome{fitness:102.54850769042969,genes:[IntegerGene{label:hidden_1_units,min:10,max:250,val:238},FloatGene{label:hidden_1_dropout_rate,min:0.05,max:0.5,val:0.05},IntegerGene{label:hidden_2_units,min:10,max:250,val:166},FloatGene{label:hidden_2_dropout_rate,min:0.05,max:0.5,val:0.05},IntegerGene{label:batch_size,min:100,max:400,val:100},]}",98.70765533447266,98.70765533447266,0.9588355948590724
82,98.18939208984375,"Genome{fitness:98.18939208984375,genes:[IntegerGene{label:hidden_1_units,min:10,max:250,val:238},FloatGene{label:hidden_1_dropout_rate,min:0.05,max:0.5,val:0.11301298103049291},IntegerGene{label:hidden_2_units,min:10,max:250,val:205},FloatGene{label:hidden_2_dropout_rate,min:0.05,max:0.5,val:0.05},IntegerGene{label:batch_size,min:100,max:400,val:100},]}",100.06309509277344,"Genome{fitness:100.06309509277344,genes:[IntegerGene{label:hidden_1_units,min:10,max:250,val:238},FloatGene{label:hidden_1_dropout_rate,min:0.05,max:0.5,val:0.11301298103049291},IntegerGene{label:hidden_2_units,min:10,max:250,val:214},FloatGene{label:hidden_2_dropout_rate,min:0.05,max:0.5,val:0.05},IntegerGene{label:batch_size,min:100,max:400,val:100},]}",98.61723976135254,98.61723976135254,0.47778607314413823
83,98.09483337402344,"Genome{fitness:98.09483337402344,genes:[IntegerGene{label:hidden_1_units,min:10,max:250,val:238},FloatGene{label:hidden_1_dropout_rate,min:0.05,max:0.5,val:0.12174764332479072},IntegerGene{label:hidden_2_units,min:10,max:250,val:166},FloatGene{label:hidden_2_dropout_rate,min:0.05,max:0.5,val:0.05},IntegerGene{label:batch_size,min:100,max:400,val:100},]}",99.65057373046875,"Genome{fitness:99.65057373046875,genes:[IntegerGene{label:hidden_1_units,min:10,max:250,val:202},FloatGene{label:hidden_1_dropout_rate,min:0.05,max:0.5,val:0.13117227455131558},IntegerGene{label:hidden_2_units,min:10,max:250,val:246},FloatGene{label:hidden_2_dropout_rate,min:0.05,max:0.5,val:0.06790281519648736},IntegerGene{label:batch_size,min:100,max:400,val:170},]}",98.51493110656739,98.51493110656739,0.38272477528556725
84,98.09483337402344,"Genome{fitness:98.09483337402344,genes:[IntegerGene{label:hidden_1_units,min:10,max:250,val:238},FloatGene{label:hidden_1_dropout_rate,min:0.05,max:0.5,val:0.12174764332479072},IntegerGene{label:hidden_2_units,min:10,max:250,val:166},FloatGene{label:hidden_2_dropout_rate,min:0.05,max:0.5,val:0.05},IntegerGene{label:batch_size,min:100,max:400,val:100},]}",99.46383666992188,"Genome{fitness:99.46383666992188,genes:[IntegerGene{label:hidden_1_units,min:10,max:250,val:250},FloatGene{label:hidden_1_dropout_rate,min:0.05,max:0.5,val:0.08330148676326227},IntegerGene{label:hidden_2_units,min:10,max:250,val:212},FloatGene{label:hidden_2_dropout_rate,min:0.05,max:0.5,val:0.05},IntegerGene{label:batch_size,min:100,max:400,val:136},]}",98.48052062988282,98.48052062988282,0.3161653397792757
85,98.09483337402344,"Genome{fitness:98.09483337402344,genes:[IntegerGene{label:hidden_1_units,min:10,max:250,val:238},FloatGene{label:hidden_1_dropout_rate,min:0.05,max:0.5,val:0.12174764332479072},IntegerGene{label:hidden_2_units,min:10,max:250,val:166},FloatGene{label:hidden_2_dropout_rate,min:0.05,max:0.5,val:0.05},IntegerGene{label:batch_size,min:100,max:400,val:100},]}",101.4287109375,"Genome{fitness:101.4287109375,genes:[IntegerGene{label:hidden_1_units,min:10,max:250,val:250},FloatGene{label:hidden_1_dropout_rate,min:0.05,max:0.5,val:0.11301298103049291},IntegerGene{label:hidden_2_units,min:10,max:250,val:212},FloatGene{label:hidden_2_dropout_rate,min:0.05,max:0.5,val:0.05},IntegerGene{label:batch_size,min:100,max:400,val:121},]}",98.74802131652832,98.74802131652832,0.8077989431357517
86,98.09483337402344,"Genome{fitness:98.09483337402344,genes:[IntegerGene{label:hidden_1_units,min:10,max:250,val:238},FloatGene{label:hidden_1_dropout_rate,min:0.05,max:0.5,val:0.12174764332479072},IntegerGene{label:hidden_2_units,min:10,max:250,val:166},FloatGene{label:hidden_2_dropout_rate,min:0.05,max:0.5,val:0.05},IntegerGene{label:batch_size,min:100,max:400,val:100},]}",99.77690124511719,"Genome{fitness:99.77690124511719,genes:[IntegerGene{label:hidden_1_units,min:10,max:250,val:250},FloatGene{label:hidden_1_dropout_rate,min:0.05,max:0.5,val:0.13117227455131558},IntegerGene{label:hidden_2_units,min:10,max:250,val:250},FloatGene{label:hidden_2_dropout_rate,min:0.05,max:0.5,val:0.05},IntegerGene{label:batch_size,min:100,max:400,val:136},]}",98.46209945678712,98.46209945678712,0.3682111603670995
87,98.09483337402344,"Genome{fitness:98.09483337402344,genes:[IntegerGene{label:hidden_1_units,min:10,max:250,val:238},FloatGene{label:hidden_1_dropout_rate,min:0.05,max:0.5,val:0.12174764332479072},IntegerGene{label:hidden_2_units,min:10,max:250,val:166},FloatGene{label:hidden_2_dropout_rate,min:0.05,max:0.5,val:0.05},IntegerGene{label:batch_size,min:100,max:400,val:100},]}",100.0169906616211,"Genome{fitness:100.0169906616211,genes:[IntegerGene{label:hidden_1_units,min:10,max:250,val:238},FloatGene{label:hidden_1_dropout_rate,min:0.05,max:0.5,val:0.13117227455131558},IntegerGene{label:hidden_2_units,min:10,max:250,val:105},FloatGene{label:hidden_2_dropout_rate,min:0.05,max:0.5,val:0.05},IntegerGene{label:batch_size,min:100,max:400,val:170},]}",98.61752395629883,98.61752395629883,0.55763994672415
88,98.09483337402344,"Genome{fitness:98.09483337402344,genes:[IntegerGene{label:hidden_1_units,min:10,max:250,val:238},FloatGene{label:hidden_1_dropout_rate,min:0.05,max:0.5,val:0.12174764332479072},IntegerGene{label:hidden_2_units,min:10,max:250,val:166},FloatGene{label:hidden_2_dropout_rate,min:0.05,max:0.5,val:0.05},IntegerGene{label:batch_size,min:100,max:400,val:100},]}",100.5551986694336,"Genome{fitness:100.5551986694336,genes:[IntegerGene{label:hidden_1_units,min:10,max:250,val:197},FloatGene{label:hidden_1_dropout_rate,min:0.05,max:0.5,val:0.13117227455131558},IntegerGene{label:hidden_2_units,min:10,max:250,val:212},FloatGene{label:hidden_2_dropout_rate,min:0.05,max:0.5,val:0.05},IntegerGene{label:batch_size,min:100,max:400,val:170},]}",98.5970085144043,98.5970085144043,0.6210508680286725
89,98.09483337402344,"Genome{fitness:98.09483337402344,genes:[IntegerGene{label:hidden_1_units,min:10,max:250,val:238},FloatGene{label:hidden_1_dropout_rate,min:0.05,max:0.5,val:0.12174764332479072},IntegerGene{label:hidden_2_units,min:10,max:250,val:166},FloatGene{label:hidden_2_dropout_rate,min:0.05,max:0.5,val:0.05},IntegerGene{label:batch_size,min:100,max:400,val:100},]}",99.863037109375,"Genome{fitness:99.863037109375,genes:[IntegerGene{label:hidden_1_units,min:10,max:250,val:238},FloatGene{label:hidden_1_dropout_rate,min:0.05,max:0.5,val:0.13117227455131558},IntegerGene{label:hidden_2_units,min:10,max:250,val:166},FloatGene{label:hidden_2_dropout_rate,min:0.05,max:0.5,val:0.05},IntegerGene{label:batch_size,min:100,max:400,val:143},]}",98.61482887268066,98.61482887268066,0.5463411822664096
90,98.09483337402344,"Genome{fitness:98.09483337402344,genes:[IntegerGene{label:hidden_1_units,min:10,max:250,val:238},FloatGene{label:hidden_1_dropout_rate,min:0.05,max:0.5,val:0.12174764332479072},IntegerGene{label:hidden_2_units,min:10,max:250,val:166},FloatGene{label:hidden_2_dropout_rate,min:0.05,max:0.5,val:0.05},IntegerGene{label:batch_size,min:100,max:400,val:100},]}",100.19908142089844,"Genome{fitness:100.19908142089844,genes:[IntegerGene{label:hidden_1_units,min:10,max:250,val:238},FloatGene{label:hidden_1_dropout_rate,min:0.05,max:0.5,val:0.10183149210586463},IntegerGene{label:hidden_2_units,min:10,max:250,val:144},FloatGene{label:hidden_2_dropout_rate,min:0.05,max:0.5,val:0.05},IntegerGene{label:batch_size,min:100,max:400,val:124},]}",98.52279930114746,98.52279930114746,0.4792078800676294
91,98.09483337402344,"Genome{fitness:98.09483337402344,genes:[IntegerGene{label:hidden_1_units,min:10,max:250,val:238},FloatGene{label:hidden_1_dropout_rate,min:0.05,max:0.5,val:0.12174764332479072},IntegerGene{label:hidden_2_units,min:10,max:250,val:166},FloatGene{label:hidden_2_dropout_rate,min:0.05,max:0.5,val:0.05},IntegerGene{label:batch_size,min:100,max:400,val:100},]}",100.60369873046875,"Genome{fitness:100.60369873046875,genes:[IntegerGene{label:hidden_1_units,min:10,max:250,val:238},FloatGene{label:hidden_1_dropout_rate,min:0.05,max:0.5,val:0.13117227455131558},IntegerGene{label:hidden_2_units,min:10,max:250,val:212},FloatGene{label:hidden_2_dropout_rate,min:0.05,max:0.5,val:0.06420688927495552},IntegerGene{label:batch_size,min:100,max:400,val:100},]}",98.46267013549804,98.46267013549804,0.5140985352732376
92,98.09483337402344,"Genome{fitness:98.09483337402344,genes:[IntegerGene{label:hidden_1_units,min:10,max:250,val:238},FloatGene{label:hidden_1_dropout_rate,min:0.05,max:0.5,val:0.12174764332479072},IntegerGene{label:hidden_2_units,min:10,max:250,val:166},FloatGene{label:hidden_2_dropout_rate,min:0.05,max:0.5,val:0.05},IntegerGene{label:batch_size,min:100,max:400,val:100},]}",99.05690002441406,"Genome{fitness:99.05690002441406,genes:[IntegerGene{label:hidden_1_units,min:10,max:250,val:250},FloatGene{label:hidden_1_dropout_rate,min:0.05,max:0.5,val:0.09600143516052033},IntegerGene{label:hidden_2_units,min:10,max:250,val:166},FloatGene{label:hidden_2_dropout_rate,min:0.05,max:0.5,val:0.05},IntegerGene{label:batch_size,min:100,max:400,val:100},]}",98.40037651062012,98.40037651062012,0.23833184203831526
93,98.09483337402344,"Genome{fitness:98.09483337402344,genes:[IntegerGene{label:hidden_1_units,min:10,max:250,val:238},FloatGene{label:hidden_1_dropout_rate,min:0.05,max:0.5,val:0.12174764332479072},IntegerGene{label:hidden_2_units,min:10,max:250,val:166},FloatGene{label:hidden_2_dropout_rate,min:0.05,max:0.5,val:0.05},IntegerGene{label:batch_size,min:100,max:400,val:100},]}",100.1708755493164,"Genome{fitness:100.1708755493164,genes:[IntegerGene{label:hidden_1_units,min:10,max:250,val:238},FloatGene{label:hidden_1_dropout_rate,min:0.05,max:0.5,val:0.11301298103049291},IntegerGene{label:hidden_2_units,min:10,max:250,val:212},FloatGene{label:hidden_2_dropout_rate,min:0.05,max:0.5,val:0.05},IntegerGene{label:batch_size,min:100,max:400,val:100},]}",98.54674835205078,98.54674835205078,0.503016222581796
94,98.09483337402344,"Genome{fitness:98.09483337402344,genes:[IntegerGene{label:hidden_1_units,min:10,max:250,val:238},FloatGene{label:hidden_1_dropout_rate,min:0.05,max:0.5,val:0.12174764332479072},IntegerGene{label:hidden_2_units,min:10,max:250,val:166},FloatGene{label:hidden_2_dropout_rate,min:0.05,max:0.5,val:0.05},IntegerGene{label:batch_size,min:100,max:400,val:100},]}",100.69022369384766,"Genome{fitness:100.69022369384766,genes:[IntegerGene{label:hidden_1_units,min:10,max:250,val:238},FloatGene{label:hidden_1_dropout_rate,min:0.05,max:0.5,val:0.08330148676326227},IntegerGene{label:hidden_2_units,min:10,max:250,val:210},FloatGene{label:hidden_2_dropout_rate,min:0.05,max:0.5,val:0.05},IntegerGene{label:batch_size,min:100,max:400,val:170},]}",98.46201934814454,98.46201934814454,0.5358479609514663
95,98.09483337402344,"Genome{fitness:98.09483337402344,genes:[IntegerGene{label:hidden_1_units,min:10,max:250,val:238},FloatGene{label:hidden_1_dropout_rate,min:0.05,max:0.5,val:0.12174764332479072},IntegerGene{label:hidden_2_units,min:10,max:250,val:166},FloatGene{label:hidden_2_dropout_rate,min:0.05,max:0.5,val:0.05},IntegerGene{label:batch_size,min:100,max:400,val:100},]}",100.87145233154297,"Genome{fitness:100.87145233154297,genes:[IntegerGene{label:hidden_1_units,min:10,max:250,val:238},FloatGene{label:hidden_1_dropout_rate,min:0.05,max:0.5,val:0.12174764332479072},IntegerGene{label:hidden_2_units,min:10,max:250,val:205},FloatGene{label:hidden_2_dropout_rate,min:0.05,max:0.5,val:0.05},IntegerGene{label:batch_size,min:100,max:400,val:155},]}",98.63410911560058,98.63410911560058,0.7170646846080493
96,98.09483337402344,"Genome{fitness:98.09483337402344,genes:[IntegerGene{label:hidden_1_units,min:10,max:250,val:238},FloatGene{label:hidden_1_dropout_rate,min:0.05,max:0.5,val:0.12174764332479072},IntegerGene{label:hidden_2_units,min:10,max:250,val:166},FloatGene{label:hidden_2_dropout_rate,min:0.05,max:0.5,val:0.05},IntegerGene{label:batch_size,min:100,max:400,val:100},]}",101.34556579589844,"Genome{fitness:101.34556579589844,genes:[IntegerGene{label:hidden_1_units,min:10,max:250,val:238},FloatGene{label:hidden_1_dropout_rate,min:0.05,max:0.5,val:0.13117227455131558},IntegerGene{label:hidden_2_units,min:10,max:250,val:250},FloatGene{label:hidden_2_dropout_rate,min:0.05,max:0.5,val:0.06420688927495552},IntegerGene{label:batch_size,min:100,max:400,val:136},]}",98.54793395996094,98.54793395996094,0.7088969522993314
97,98.09483337402344,"Genome{fitness:98.09483337402344,genes:[IntegerGene{label:hidden_1_units,min:10,max:250,val:238},FloatGene{label:hidden_1_dropout_rate,min:0.05,max:0.5,val:0.12174764332479072},IntegerGene{label:hidden_2_units,min:10,max:250,val:166},FloatGene{label:hidden_2_dropout_rate,min:0.05,max:0.5,val:0.05},IntegerGene{label:batch_size,min:100,max:400,val:100},]}",101.21651458740234,"Genome{fitness:101.21651458740234,genes:[IntegerGene{label:hidden_1_units,min:10,max:250,val:238},FloatGene{label:hidden_1_dropout_rate,min:0.05,max:0.5,val:0.09600143516052033},IntegerGene{label:hidden_2_units,min:10,max:250,val:212},FloatGene{label:hidden_2_dropout_rate,min:0.05,max:0.5,val:0.1142202283507768},IntegerGene{label:batch_size,min:100,max:400,val:136},]}",98.5895938873291,98.5895938873291,0.7566059637061823
98,98.09483337402344,"Genome{fitness:98.09483337402344,genes:[IntegerGene{label:hidden_1_units,min:10,max:250,val:238},FloatGene{label:hidden_1_dropout_rate,min:0.05,max:0.5,val:0.12174764332479072},IntegerGene{label:hidden_2_units,min:10,max:250,val:166},FloatGene{label:hidden_2_dropout_rate,min:0.05,max:0.5,val:0.05},IntegerGene{label:batch_size,min:100,max:400,val:100},]}",100.86241912841797,"Genome{fitness:100.86241912841797,genes:[IntegerGene{label:hidden_1_units,min:10,max:250,val:219},FloatGene{label:hidden_1_dropout_rate,min:0.05,max:0.5,val:0.09600143516052033},IntegerGene{label:hidden_2_units,min:10,max:250,val:212},FloatGene{label:hidden_2_dropout_rate,min:0.05,max:0.5,val:0.05},IntegerGene{label:batch_size,min:100,max:400,val:127},]}",98.60585823059083,98.60585823059083,0.7060823919145464
99,98.09483337402344,"Genome{fitness:98.09483337402344,genes:[IntegerGene{label:hidden_1_units,min:10,max:250,val:238},FloatGene{label:hidden_1_dropout_rate,min:0.05,max:0.5,val:0.12174764332479072},IntegerGene{label:hidden_2_units,min:10,max:250,val:166},FloatGene{label:hidden_2_dropout_rate,min:0.05,max:0.5,val:0.05},IntegerGene{label:batch_size,min:100,max:400,val:100},]}",100.15950775146484,"Genome{fitness:100.15950775146484,genes:[IntegerGene{label:hidden_1_units,min:10,max:250,val:250},FloatGene{label:hidden_1_dropout_rate,min:0.05,max:0.5,val:0.11301298103049291},IntegerGene{label:hidden_2_units,min:10,max:250,val:205},FloatGene{label:hidden_2_dropout_rate,min:0.05,max:0.5,val:0.05},IntegerGene{label:batch_size,min:100,max:400,val:100},]}",98.5023094177246,98.5023094177246,0.5500985616806321
100,98.09483337402344,"Genome{fitness:98.09483337402344,genes:[IntegerGene{label:hidden_1_units,min:10,max:250,val:238},FloatGene{label:hidden_1_dropout_rate,min:0.05,max:0.5,val:0.12174764332479072},IntegerGene{label:hidden_2_units,min:10,max:250,val:166},FloatGene{label:hidden_2_dropout_rate,min:0.05,max:0.5,val:0.05},IntegerGene{label:batch_size,min:100,max:400,val:100},]}",99.0395736694336,"Genome{fitness:99.0395736694336,genes:[IntegerGene{label:hidden_1_units,min:10,max:250,val:238},FloatGene{label:hidden_1_dropout_rate,min:0.05,max:0.5,val:0.0636428838138523},IntegerGene{label:hidden_2_units,min:10,max:250,val:123},FloatGene{label:hidden_2_dropout_rate,min:0.05,max:0.5,val:0.09564265241012801},IntegerGene{label:batch_size,min:100,max:400,val:136},]}",98.35927925109863,98.35927925109863,0.24008152511215558
101,98.09483337402344,"Genome{fitness:98.09483337402344,genes:[IntegerGene{label:hidden_1_units,min:10,max:250,val:238},FloatGene{label:hidden_1_dropout_rate,min:0.05,max:0.5,val:0.12174764332479072},IntegerGene{label:hidden_2_units,min:10,max:250,val:166},FloatGene{label:hidden_2_dropout_rate,min:0.05,max:0.5,val:0.05},IntegerGene{label:batch_size,min:100,max:400,val:100},]}",102.22222900390625,"Genome{fitness:102.22222900390625,genes:[IntegerGene{label:hidden_1_units,min:10,max:250,val:238},FloatGene{label:hidden_1_dropout_rate,min:0.05,max:0.5,val:0.09600143516052033},IntegerGene{label:hidden_2_units,min:10,max:250,val:187},FloatGene{label:hidden_2_dropout_rate,min:0.05,max:0.5,val:0.05},IntegerGene{label:batch_size,min:100,max:400,val:127},]}",98.57707557678222,98.57707557678222,0.8785761052111011
102,98.09483337402344,"Genome{fitness:98.09483337402344,genes:[IntegerGene{label:hidden_1_units,min:10,max:250,val:238},FloatGene{label:hidden_1_dropout_rate,min:0.05,max:0.5,val:0.12174764332479072},IntegerGene{label:hidden_2_units,min:10,max:250,val:166},FloatGene{label:hidden_2_dropout_rate,min:0.05,max:0.5,val:0.05},IntegerGene{label:batch_size,min:100,max:400,val:100},]}",99.75782775878906,"Genome{fitness:99.75782775878906,genes:[IntegerGene{label:hidden_1_units,min:10,max:250,val:220},FloatGene{label:hidden_1_dropout_rate,min:0.05,max:0.5,val:0.09600143516052033},IntegerGene{label:hidden_2_units,min:10,max:250,val:206},FloatGene{label:hidden_2_dropout_rate,min:0.05,max:0.5,val:0.05},IntegerGene{label:batch_size,min:100,max:400,val:127},]}",98.44259986877441,98.44259986877441,0.41417760176629365
103,98.09483337402344,"Genome{fitness:98.09483337402344,genes:[IntegerGene{label:hidden_1_units,min:10,max:250,val:238},FloatGene{label:hidden_1_dropout_rate,min:0.05,max:0.5,val:0.12174764332479072},IntegerGene{label:hidden_2_units,min:10,max:250,val:166},FloatGene{label:hidden_2_dropout_rate,min:0.05,max:0.5,val:0.05},IntegerGene{label:batch_size,min:100,max:400,val:100},]}",100.22078704833984,"Genome{fitness:100.22078704833984,genes:[IntegerGene{label:hidden_1_units,min:10,max:250,val:250},FloatGene{label:hidden_1_dropout_rate,min:0.05,max:0.5,val:0.11049114673363561},IntegerGene{label:hidden_2_units,min:10,max:250,val:156},FloatGene{label:hidden_2_dropout_rate,min:0.05,max:0.5,val:0.2045055289446775},IntegerGene{label:batch_size,min:100,max:400,val:136},]}",98.5563793182373,98.5563793182373,0.5991456723353596
104,98.09483337402344,"Genome{fitness:98.09483337402344,genes:[IntegerGene{label:hidden_1_units,min:10,max:250,val:238},FloatGene{label:hidden_1_dropout_rate,min:0.05,max:0.5,val:0.12174764332479072},IntegerGene{label:hidden_2_units,min:10,max:250,val:166},FloatGene{label:hidden_2_dropout_rate,min:0.05,max:0.5,val:0.05},IntegerGene{label:batch_size,min:100,max:400,val:100},]}",100.42528533935547,"Genome{fitness:100.42528533935547,genes:[IntegerGene{label:hidden_1_units,min:10,max:250,val:238},FloatGene{label:hidden_1_dropout_rate,min:0.05,max:0.5,val:0.05},IntegerGene{label:hidden_2_units,min:10,max:250,val:212},FloatGene{label:hidden_2_dropout_rate,min:0.05,max:0.5,val:0.057509983620244245},IntegerGene{label:batch_size,min:100,max:400,val:136},]}",98.46991310119628,98.46991310119628,0.5062256847801587
105,98.09483337402344,"Genome{fitness:98.09483337402344,genes:[IntegerGene{label:hidden_1_units,min:10,max:250,val:238},FloatGene{label:hidden_1_dropout_rate,min:0.05,max:0.5,val:0.12174764332479072},IntegerGene{label:hidden_2_units,min:10,max:250,val:166},FloatGene{label:hidden_2_dropout_rate,min:0.05,max:0.5,val:0.05},IntegerGene{label:batch_size,min:100,max:400,val:100},]}",100.97763061523438,"Genome{fitness:100.97763061523438,genes:[IntegerGene{label:hidden_1_units,min:10,max:250,val:238},FloatGene{label:hidden_1_dropout_rate,min:0.05,max:0.5,val:0.2030746159897648},IntegerGene{label:hidden_2_units,min:10,max:250,val:166},FloatGene{label:hidden_2_dropout_rate,min:0.05,max:0.5,val:0.05},IntegerGene{label:batch_size,min:100,max:400,val:100},]}",98.56835670471192,98.56835670471192,0.6786010179954985
106,98.09483337402344,"Genome{fitness:98.09483337402344,genes:[IntegerGene{label:hidden_1_units,min:10,max:250,val:238},FloatGene{label:hidden_1_dropout_rate,min:0.05,max:0.5,val:0.12174764332479072},IntegerGene{label:hidden_2_units,min:10,max:250,val:166},FloatGene{label:hidden_2_dropout_rate,min:0.05,max:0.5,val:0.05},IntegerGene{label:batch_size,min:100,max:400,val:100},]}",99.49070739746094,"Genome{fitness:99.49070739746094,genes:[IntegerGene{label:hidden_1_units,min:10,max:250,val:238},FloatGene{label:hidden_1_dropout_rate,min:0.05,max:0.5,val:0.09600143516052033},IntegerGene{label:hidden_2_units,min:10,max:250,val:212},FloatGene{label:hidden_2_dropout_rate,min:0.05,max:0.5,val:0.05},IntegerGene{label:batch_size,min:100,max:400,val:100},]}",98.36085662841796,98.36085662841796,0.30022914511193544
107,98.09483337402344,"Genome{fitness:98.09483337402344,genes:[IntegerGene{label:hidden_1_units,min:10,max:250,val:238},FloatGene{label:hidden_1_dropout_rate,min:0.05,max:0.5,val:0.12174764332479072},IntegerGene{label:hidden_2_units,min:10,max:250,val:166},FloatGene{label:hidden_2_dropout_rate,min:0.05,max:0.5,val:0.05},IntegerGene{label:batch_size,min:100,max:400,val:100},]}",99.95490264892578,"Genome{fitness:99.95490264892578,genes:[IntegerGene{label:hidden_1_units,min:10,max:250,val:238},FloatGene{label:hidden_1_dropout_rate,min:0.05,max:0.5,val:0.09600143516052033},IntegerGene{label:hidden_2_units,min:10,max:250,val:212},FloatGene{label:hidden_2_dropout_rate,min:0.05,max:0.5,val:0.05},IntegerGene{label:batch_size,min:100,max:400,val:181},]}",98.47039833068848,98.47039833068848,0.485415041112122
108,98.09483337402344,"Genome{fitness:98.09483337402344,genes:[IntegerGene{label:hidden_1_units,min:10,max:250,val:238},FloatGene{label:hidden_1_dropout_rate,min:0.05,max:0.5,val:0.12174764332479072},IntegerGene{label:hidden_2_units,min:10,max:250,val:166},FloatGene{label:hidden_2_dropout_rate,min:0.05,max:0.5,val:0.05},IntegerGene{label:batch_size,min:100,max:400,val:100},]}",101.34657287597656,"Genome{fitness:101.34657287597656,genes:[IntegerGene{label:hidden_1_units,min:10,max:250,val:238},FloatGene{label:hidden_1_dropout_rate,min:0.05,max:0.5,val:0.11251594967196768},IntegerGene{label:hidden_2_units,min:10,max:250,val:166},FloatGene{label:hidden_2_dropout_rate,min:0.05,max:0.5,val:0.05},IntegerGene{label:batch_size,min:100,max:400,val:116},]}",98.63616409301758,98.63616409301758,0.8416974145775702
109,98.09483337402344,"Genome{fitness:98.09483337402344,genes:[IntegerGene{label:hidden_1_units,min:10,max:250,val:238},FloatGene{label:hidden_1_dropout_rate,min:0.05,max:0.5,val:0.12174764332479072},IntegerGene{label:hidden_2_units,min:10,max:250,val:166},FloatGene{label:hidden_2_dropout_rate,min:0.05,max:0.5,val:0.05},IntegerGene{label:batch_size,min:100,max:400,val:100},]}",100.7847900390625,"Genome{fitness:100.7847900390625,genes:[IntegerGene{label:hidden_1_units,min:10,max:250,val:171},FloatGene{label:hidden_1_dropout_rate,min:0.05,max:0.5,val:0.08330148676326227},IntegerGene{label:hidden_2_units,min:10,max:250,val:135},FloatGene{label:hidden_2_dropout_rate,min:0.05,max:0.5,val:0.05},IntegerGene{label:batch_size,min:100,max:400,val:116},]}",98.45045928955078,98.45045928955078,0.5802354439917871
110,98.05120086669922,"Genome{fitness:98.05120086669922,genes:[IntegerGene{label:hidden_1_units,min:10,max:250,val:201},FloatGene{label:hidden_1_dropout_rate,min:0.05,max:0.5,val:0.08330148676326227},IntegerGene{label:hidden_2_units,min:10,max:250,val:177},FloatGene{label:hidden_2_dropout_rate,min:0.05,max:0.5,val:0.05},IntegerGene{label:batch_size,min:100,max:400,val:136},]}",99.69397735595703,"Genome{fitness:99.69397735595703,genes:[IntegerGene{label:hidden_1_units,min:10,max:250,val:215},FloatGene{label:hidden_1_dropout_rate,min:0.05,max:0.5,val:0.08330148676326227},IntegerGene{label:hidden_2_units,min:10,max:250,val:142},FloatGene{label:hidden_2_dropout_rate,min:0.05,max:0.5,val:0.05},IntegerGene{label:batch_size,min:100,max:400,val:136},]}",98.38031578063965,98.38031578063965,0.3748974269670586
111,98.05120086669922,"Genome{fitness:98.05120086669922,genes:[IntegerGene{label:hidden_1_units,min:10,max:250,val:201},FloatGene{label:hidden_1_dropout_rate,min:0.05,max:0.5,val:0.08330148676326227},IntegerGene{label:hidden_2_units,min:10,max:250,val:177},FloatGene{label:hidden_2_dropout_rate,min:0.05,max:0.5,val:0.05},IntegerGene{label:batch_size,min:100,max:400,val:136},]}",99.89373779296875,"Genome{fitness:99.89373779296875,genes:[IntegerGene{label:hidden_1_units,min:10,max:250,val:201},FloatGene{label:hidden_1_dropout_rate,min:0.05,max:0.5,val:0.12174764332479072},IntegerGene{label:hidden_2_units,min:10,max:250,val:169},FloatGene{label:hidden_2_dropout_rate,min:0.05,max:0.5,val:0.05},IntegerGene{label:batch_size,min:100,max:400,val:100},]}",98.43967628479004,98.43967628479004,0.4484771166687352
112,98.05120086669922,"Genome{fitness:98.05120086669922,genes:[IntegerGene{label:hidden_1_units,min:10,max:250,val:201},FloatGene{label:hidden_1_dropout_rate,min:0.05,max:0.5,val:0.08330148676326227},IntegerGene{label:hidden_2_units,min:10,max:250,val:177},FloatGene{label:hidden_2_dropout_rate,min:0.05,max:0.5,val:0.05},IntegerGene{label:batch_size,min:100,max:400,val:136},]}",100.7350082397461,"Genome{fitness:100.7350082397461,genes:[IntegerGene{label:hidden_1_units,min:10,max:250,val:250},FloatGene{label:hidden_1_dropout_rate,min:0.05,max:0.5,val:0.13117227455131558},IntegerGene{label:hidden_2_units,min:10,max:250,val:212},FloatGene{label:hidden_2_dropout_rate,min:0.05,max:0.5,val:0.05},IntegerGene{label:batch_size,min:100,max:400,val:136},]}",98.51737442016602,98.51737442016602,0.646940112730923
113,98.05120086669922,"Genome{fitness:98.05120086669922,genes:[IntegerGene{label:hidden_1_units,min:10,max:250,val:201},FloatGene{label:hidden_1_dropout_rate,min:0.05,max:0.5,val:0.08330148676326227},IntegerGene{label:hidden_2_units,min:10,max:250,val:177},FloatGene{label:hidden_2_dropout_rate,min:0.05,max:0.5,val:0.05},IntegerGene{label:batch_size,min:100,max:400,val:136},]}",99.18679809570312,"Genome{fitness:99.18679809570312,genes:[IntegerGene{label:hidden_1_units,min:10,max:250,val:238},FloatGene{label:hidden_1_dropout_rate,min:0.05,max:0.5,val:0.12754787480348098},IntegerGene{label:hidden_2_units,min:10,max:250,val:205},FloatGene{label:hidden_2_dropout_rate,min:0.05,max:0.5,val:0.05},IntegerGene{label:batch_size,min:100,max:400,val:100},]}",98.41019477844239,98.41019477844239,0.3544204841155441
114,98.05120086669922,"Genome{fitness:98.05120086669922,genes:[IntegerGene{label:hidden_1_units,min:10,max:250,val:201},FloatGene{label:hidden_1_dropout_rate,min:0.05,max:0.5,val:0.08330148676326227},IntegerGene{label:hidden_2_units,min:10,max:250,val:177},FloatGene{label:hidden_2_dropout_rate,min:0.05,max:0.5,val:0.05},IntegerGene{label:batch_size,min:100,max:400,val:136},]}",99.55154418945312,"Genome{fitness:99.55154418945312,genes:[IntegerGene{label:hidden_1_units,min:10,max:250,val:238},FloatGene{label:hidden_1_dropout_rate,min:0.05,max:0.5,val:0.08266880632693033},IntegerGene{label:hidden_2_units,min:10,max:250,val:198},FloatGene{label:hidden_2_dropout_rate,min:0.05,max:0.5,val:0.05},IntegerGene{label:batch_size,min:100,max:400,val:170},]}",98.4303424835205,98.4303424835205,0.44490920784410576
115,98.05120086669922,"Genome{fitness:98.05120086669922,genes:[IntegerGene{label:hidden_1_units,min:10,max:250,val:201},FloatGene{label:hidden_1_dropout_rate,min:0.05,max:0.5,val:0.08330148676326227},IntegerGene{label:hidden_2_units,min:10,max:250,val:177},FloatGene{label:hidden_2_dropout_rate,min:0.05,max:0.5,val:0.05},IntegerGene{label:batch_size,min:100,max:400,val:136},]}",100.96244812011719,"Genome{fitness:100.96244812011719,genes:[IntegerGene{label:hidden_1_units,min:10,max:250,val:225},FloatGene{label:hidden_1_dropout_rate,min:0.05,max:0.5,val:0.0636428838138523},IntegerGene{label:hidden_2_units,min:10,max:250,val:244},FloatGene{label:hidden_2_dropout_rate,min:0.05,max:0.5,val:0.06420688927495552},IntegerGene{label:batch_size,min:100,max:400,val:193},]}",98.54886970520019,98.54886970520019,0.7012237505915748
116,98.05120086669922,"Genome{fitness:98.05120086669922,genes:[IntegerGene{label:hidden_1_units,min:10,max:250,val:201},FloatGene{label:hidden_1_dropout_rate,min:0.05,max:0.5,val:0.08330148676326227},IntegerGene{label:hidden_2_units,min:10,max:250,val:177},FloatGene{label:hidden_2_dropout_rate,min:0.05,max:0.5,val:0.05},IntegerGene{label:batch_size,min:100,max:400,val:136},]}",99.72540283203125,"Genome{fitness:99.72540283203125,genes:[IntegerGene{label:hidden_1_units,min:10,max:250,val:238},FloatGene{label:hidden_1_dropout_rate,min:0.05,max:0.5,val:0.0636428838138523},IntegerGene{label:hidden_2_units,min:10,max:250,val:185},FloatGene{label:hidden_2_dropout_rate,min:0.05,max:0.5,val:0.07216227283839664},IntegerGene{label:batch_size,min:100,max:400,val:136},]}",98.44007720947266,98.44007720947266,0.45065988982272953
117,98.05120086669922,"Genome{fitness:98.05120086669922,genes:[IntegerGene{label:hidden_1_units,min:10,max:250,val:201},FloatGene{label:hidden_1_dropout_rate,min:0.05,max:0.5,val:0.08330148676326227},IntegerGene{label:hidden_2_units,min:10,max:250,val:177},FloatGene{label:hidden_2_dropout_rate,min:0.05,max:0.5,val:0.05},IntegerGene{label:batch_size,min:100,max:400,val:136},]}",99.85391235351562,"Genome{fitness:99.85391235351562,genes:[IntegerGene{label:hidden_1_units,min:10,max:250,val:238},FloatGene{label:hidden_1_dropout_rate,min:0.05,max:0.5,val:0.13415934662738158},IntegerGene{label:hidden_2_units,min:10,max:250,val:205},FloatGene{label:hidden_2_dropout_rate,min:0.05,max:0.5,val:0.05},IntegerGene{label:batch_size,min:100,max:400,val:116},]}",98.42087478637696,98.42087478637696,0.5163916050072006
118,98.05120086669922,"Genome{fitness:98.05120086669922,genes:[IntegerGene{label:hidden_1_units,min:10,max:250,val:201},FloatGene{label:hidden_1_dropout_rate,min:0.05,max:0.5,val:0.08330148676326227},IntegerGene{label:hidden_2_units,min:10,max:250,val:177},FloatGene{label:hidden_2_dropout_rate,min:0.05,max:0.5,val:0.05},IntegerGene{label:batch_size,min:100,max:400,val:136},]}",99.49552917480469,"Genome{fitness:99.49552917480469,genes:[IntegerGene{label:hidden_1_units,min:10,max:250,val:220},FloatGene{label:hidden_1_dropout_rate,min:0.05,max:0.5,val:0.09600143516052033},IntegerGene{label:hidden_2_units,min:10,max:250,val:212},FloatGene{label:hidden_2_dropout_rate,min:0.05,max:0.5,val:0.05},IntegerGene{label:batch_size,min:100,max:400,val:101},]}",98.38532791137695,98.38532791137695,0.4078988167082693
119,98.05120086669922,"Genome{fitness:98.05120086669922,genes:[IntegerGene{label:hidden_1_units,min:10,max:250,val:201},FloatGene{label:hidden_1_dropout_rate,min:0.05,max:0.5,val:0.08330148676326227},IntegerGene{label:hidden_2_units,min:10,max:250,val:177},FloatGene{label:hidden_2_dropout_rate,min:0.05,max:0.5,val:0.05},IntegerGene{label:batch_size,min:100,max:400,val:136},]}",99.71670532226562,"Genome{fitness:99.71670532226562,genes:[IntegerGene{label:hidden_1_units,min:10,max:250,val:201},FloatGene{label:hidden_1_dropout_rate,min:0.05,max:0.5,val:0.08330148676326227},IntegerGene{label:hidden_2_units,min:10,max:250,val:220},FloatGene{label:hidden_2_dropout_rate,min:0.05,max:0.5,val:0.05},IntegerGene{label:batch_size,min:100,max:400,val:191},]}",98.49910888671874,98.49910888671874,0.5450320037674206
120,98.05120086669922,"Genome{fitness:98.05120086669922,genes:[IntegerGene{label:hidden_1_units,min:10,max:250,val:201},FloatGene{label:hidden_1_dropout_rate,min:0.05,max:0.5,val:0.08330148676326227},IntegerGene{label:hidden_2_units,min:10,max:250,val:177},FloatGene{label:hidden_2_dropout_rate,min:0.05,max:0.5,val:0.05},IntegerGene{label:batch_size,min:100,max:400,val:136},]}",100.00332641601562,"Genome{fitness:100.00332641601562,genes:[IntegerGene{label:hidden_1_units,min:10,max:250,val:238},FloatGene{label:hidden_1_dropout_rate,min:0.05,max:0.5,val:0.08266880632693033},IntegerGene{label:hidden_2_units,min:10,max:250,val:205},FloatGene{label:hidden_2_dropout_rate,min:0.05,max:0.5,val:0.05},IntegerGene{label:batch_size,min:100,max:400,val:151},]}",98.46640319824219,98.46640319824219,0.5466260506481044
